ticker,name,market,price,sma25,deviation,sigma2_lower,sigma3_lower,sigma2_upper,sigma3_upper,price_at_2s,price_at_3s,dist_to_2s,zone,stat_days,std,div_yield,div_per_share,div_at_2s,div_consec_years,buy_score,ath,drop_from_ath,half_from_ath,cross_above_25ma,monthly_bullish,method12,flag_high_div,sector,industry,signals,n_signals,price_at_3pct,price_at_4pct,price_at_5pct,price_at_6pct,sector_sole_dip
8766.T,東京海上HD,Nikkei225,6032.0,6194.36,-2.621,-1643.203,-2459.53,1622.106,2438.433,-95591.5,-146157.8,-106.31,MILD DIP,6518,816.327,2.85,172.0,0.0,4,45,6530.3,7.6,False,False,False,False,False,金融,Insurance - Property & Casualty,—,0,5733.3,4300.0,3440.0,2866.7,False
MKC,McCormick,配当貴族,55.06,65.8,-16.325,-8.018,-12.283,9.04,13.305,60.5,57.7,-9.03,STRONG BUY,13357,4.265,4.14,2.28,3.77,27,60,95.9,42.6,False,False,False,False,False,生活必需品,Packaged Foods,—,0,76.0,57.0,45.6,38.0,False
BF-B,Brown-Forman,配当貴族,22.94,27.02,-15.09,-7.865,-12.078,8.988,13.201,24.9,23.8,-7.84,STRONG BUY,11571,4.213,4.98,1.14,4.59,3,72,73.4,68.8,True,False,False,False,False,生活必需品,Beverages - Wineries & Distilleries,半値,1,38.1,28.6,22.9,19.1,False
GPC,Genuine Parts,配当貴族,100.72,117.27,-14.11,-7.261,-11.149,8.289,12.176,108.8,104.2,-7.39,STRONG BUY,11571,3.887,5.15,5.18,4.77,39,72,170.3,40.9,False,False,False,False,False,一般消費財,Auto Parts,—,0,172.8,129.6,103.7,86.4,False
5233.T,太平洋セメント,Nikkei225,3439.0,4215.12,-18.413,-12.688,-19.186,13.306,19.805,3680.3,3406.4,-6.56,BUY ZONE,6518,6.499,2.33,80.0,2.17,2,45,4823.0,28.7,False,False,False,False,False,素材,Building Materials,—,0,2666.7,2000.0,1600.0,1333.3,False
PPG,PPG Industries,配当貴族,100.78,116.84,-13.747,-8.682,-13.325,9.887,14.529,106.7,101.3,-5.55,STRONG BUY,11571,4.642,3.46,3.49,3.27,42,60,165.4,39.1,False,False,False,False,False,素材,Specialty Chemicals,—,0,116.3,87.2,69.8,58.2,False
SWK,Stanley Black & Decker,配当貴族,69.62,81.14,-14.196,-9.924,-15.12,10.861,16.057,73.1,68.9,-4.74,BUY ZONE,11571,5.196,4.75,3.31,4.53,28,67,185.8,62.5,True,False,False,False,False,資本財,Tools & Accessories,半値,1,110.3,82.8,66.2,55.2,False
4506.T,住友ファーマ,Nikkei225,1854.5,2227.86,-16.759,-13.268,-20.085,14.001,20.818,1932.3,1780.4,-4.02,BUY ZONE,6518,6.817,0.0,0.0,0.0,0,55,3710.7,50.0,True,False,False,True,False,ヘルスケア,Drug Manufacturers - Specialty & Generic,半値／月足GC,2,0.0,0.0,0.0,0.0,False
4188.T,三菱ケミカルG,Nikkei225,907.2,1049.24,-13.538,-10.361,-15.639,10.753,16.032,940.5,885.2,-3.54,BUY ZONE,6518,5.278,3.53,32.0,3.4,0,57,1160.5,21.8,False,False,False,False,False,素材,Specialty Chemicals,—,0,1066.7,800.0,640.0,533.3,False
7267.T,ホンダ,Nikkei225,1302.0,1488.28,-12.516,-9.753,-14.79,10.395,15.433,1343.1,1268.2,-3.06,BUY ZONE,6518,5.037,5.22,68.0,5.06,0,65,1771.9,26.5,False,False,False,False,True,一般消費財,Auto Manufacturers,高配当,1,2266.7,1700.0,1360.0,1133.3,False
AOS,A.O. Smith,配当貴族,64.02,73.9,-13.372,-10.707,-16.398,12.054,17.745,66.0,61.8,-2.98,BUY ZONE,10675,5.69,2.72,1.74,2.64,31,45,88.9,28.0,False,False,False,False,False,資本財,Specialty Industrial Machinery,—,0,58.0,43.5,34.8,29.0,False
5831.T,しずおかFG,Nikkei225,2559.0,2844.7,-10.043,-7.483,-12.111,11.029,15.656,2631.8,2500.2,-2.77,BUY ZONE,823,4.628,2.34,60.0,2.28,2,45,3144.0,18.6,False,False,False,False,False,金融,Banks - Regional,—,0,2000.0,1500.0,1200.0,1000.0,False
MMM,3M,Dow30,145.08,160.32,-9.508,-7.268,-11.13,8.179,12.041,148.7,142.5,-2.42,BUY ZONE,16136,3.862,2.01,2.91,1.96,0,50,173.8,16.5,False,False,False,False,False,資本財,Conglomerates,—,0,97.0,72.8,58.2,48.5,False
ECL,Ecolab,配当貴族,261.84,291.98,-10.323,-8.319,-12.741,9.37,13.793,267.7,254.8,-2.19,BUY ZONE,13357,4.422,1.3,3.41,1.27,23,45,307.5,14.9,False,False,False,False,False,素材,Specialty Chemicals,—,0,113.7,85.2,68.2,56.8,False
EMR,Emerson Electric,配当貴族,129.88,144.0,-9.804,-7.925,-12.14,8.931,13.145,132.6,126.5,-2.04,BUY ZONE,13537,4.214,2.07,2.69,2.03,34,45,161.1,19.4,False,False,False,False,False,資本財,Specialty Industrial Machinery,—,0,89.8,67.4,53.9,44.9,False
SHW,Sherwin-Williams,Dow30,312.12,346.3,-9.87,-8.224,-12.763,9.93,14.469,317.8,302.1,-1.79,BUY ZONE,11571,4.539,1.01,3.16,0.99,40,45,395.3,21.0,False,False,False,False,False,素材,Specialty Chemicals,—,0,105.3,79.0,63.2,52.7,False
7186.T,コンコルディアFG,Nikkei225,1385.0,1565.8,-11.547,-9.984,-15.357,11.506,16.878,1409.5,1325.3,-1.74,BUY ZONE,2431,5.372,2.09,29.0,2.06,5,50,1703.0,18.7,False,False,False,False,False,金融,Banks - Regional,—,0,966.7,725.0,580.0,483.3,False
7201.T,日産自動車,Nikkei225,348.8,403.18,-13.487,-11.968,-18.026,12.265,18.323,354.9,330.5,-1.73,BUY ZONE,6518,6.058,0.0,0.0,0.0,0,50,1029.7,66.1,True,False,False,False,False,一般消費財,Auto Manufacturers,半値,1,0.0,0.0,0.0,0.0,False
9843.T,ニトリHD,Nikkei225,2684.0,3008.52,-10.787,-9.328,-14.301,10.565,15.539,2727.9,2578.3,-1.61,BUY ZONE,5783,4.973,1.13,30.4,1.11,1,50,4735.2,43.3,False,False,False,False,False,一般消費財,"Furnishings, Fixtures & Appliances",—,0,1013.3,760.0,608.0,506.7,False
6301.T,小松製作所,Nikkei225,6344.0,7274.68,-12.793,-11.431,-17.488,12.797,18.854,6443.1,6002.5,-1.54,BUY ZONE,6518,6.057,2.99,190.0,2.95,5,45,7799.0,18.7,False,False,False,False,False,資本財,Farm & Heavy Construction Machinery,—,0,6333.3,4750.0,3800.0,3166.7,False
1803.T,清水建設,Nikkei225,2900.0,3286.88,-11.77,-10.569,-16.147,11.745,17.324,2939.5,2756.1,-1.34,BUY ZONE,6518,5.579,1.31,38.0,1.29,1,45,3578.0,18.9,False,False,False,False,False,資本財,Engineering & Construction,—,0,1266.7,950.0,760.0,633.3,False
3402.T,東レ,Nikkei225,1097.5,1225.36,-10.434,-9.427,-14.297,10.052,14.921,1109.8,1050.2,-1.11,BUY ZONE,6518,4.87,1.64,18.0,1.62,1,45,1340.0,18.1,False,False,False,False,False,一般消費財,Textile Manufacturing,—,0,600.0,450.0,360.0,300.0,False
TFC,Truist Financial,配当貴族,43.85,48.81,-10.159,-9.181,-14.043,10.267,15.129,44.3,42.0,-1.08,BUY ZONE,11570,4.862,5.93,2.6,5.87,0,57,55.3,20.6,False,False,False,False,False,金融,Banks - Regional,—,0,86.7,65.0,52.0,43.3,False
7269.T,スズキ,Nikkei225,1919.0,2167.34,-11.458,-10.611,-16.13,11.462,16.98,1937.4,1817.8,-0.95,BUY ZONE,6518,5.518,2.14,41.0,2.12,3,50,2451.5,21.7,False,False,False,False,False,一般消費財,Auto Manufacturers,—,0,1366.7,1025.0,820.0,683.3,False
PG,Procter & Gamble,Dow30,146.71,157.88,-7.075,-6.301,-9.708,7.327,10.735,147.9,142.6,-0.83,BUY ZONE,16136,3.407,2.77,4.07,2.75,22,50,173.8,15.6,False,False,False,False,False,生活必需品,Household & Personal Products,—,0,135.7,101.8,81.4,67.8,False
CLX,Clorox,配当貴族,107.93,119.53,-9.704,-9.046,-13.791,9.934,14.679,108.7,103.0,-0.72,BUY ZONE,13357,4.745,5.71,6.16,5.67,38,62,199.8,46.0,False,False,False,False,False,生活必需品,Household & Personal Products,—,0,205.3,154.0,123.2,102.7,False
6479.T,ミネベアミツミ,Nikkei225,2675.5,3094.16,-13.531,-12.922,-19.529,13.507,20.115,2694.3,2489.9,-0.7,BUY ZONE,6518,6.607,1.68,45.0,1.67,1,40,3635.5,26.4,False,False,False,False,False,テクノロジー,Electronic Components,—,0,1500.0,1125.0,900.0,750.0,False
6473.T,ジェイテクト,Nikkei225,1670.0,1932.34,-13.576,-12.985,-19.647,13.663,20.325,1681.4,1552.7,-0.68,BUY ZONE,6518,6.662,2.99,50.0,2.97,4,45,2149.0,22.3,False,False,False,False,False,一般消費財,Auto Parts,—,0,1666.7,1250.0,1000.0,833.3,False
5101.T,横浜ゴム,Nikkei225,6066.0,6847.36,-11.411,-10.957,-16.778,12.325,18.145,6097.1,5698.5,-0.51,BUY ZONE,6518,5.82,2.21,134.0,2.2,5,50,7982.0,24.0,False,False,False,False,False,一般消費財,Auto Parts,—,0,4466.7,3350.0,2680.0,2233.3,False
ABBV,AbbVie,配当貴族,208.34,227.03,-8.232,-7.918,-12.324,9.71,14.117,209.1,199.0,-0.34,BUY ZONE,3298,4.407,3.98,8.29,3.97,12,50,240.7,13.4,False,False,False,False,False,ヘルスケア,Drug Manufacturers - General,—,0,276.3,207.2,165.8,138.2,False
5707.T,東邦亜鉛,Nikkei225,1270.0,1540.56,-17.562,-17.332,-26.096,17.723,26.487,1273.5,1138.5,-0.28,BUY ZONE,6518,8.764,0.0,0.0,0.0,0,55,9053.6,86.0,True,False,False,True,False,素材,Other Industrial Metals & Mining,半値／月足GC,2,0.0,0.0,0.0,0.0,False
BDX,Becton Dickinson,配当貴族,158.08,171.75,-7.959,-7.764,-11.9,8.78,12.916,158.4,151.3,-0.21,BUY ZONE,13357,4.136,2.74,4.33,2.73,43,45,211.6,25.3,False,False,False,False,False,ヘルスケア,Medical Instruments & Supplies,—,0,144.3,108.2,86.6,72.1,False
3407.T,旭化成,Nikkei225,1553.5,1723.02,-9.839,-9.662,-14.676,10.395,15.409,1556.5,1470.1,-0.2,BUY ZONE,6518,5.014,2.45,38.0,2.44,1,50,1884.5,17.6,False,False,False,False,False,資本財,Conglomerates,—,0,1266.7,950.0,760.0,633.3,False
6326.T,クボタ,Nikkei225,2580.5,2904.84,-11.166,-10.993,-16.753,12.044,17.803,2585.5,2418.2,-0.19,BUY ZONE,6518,5.759,1.94,50.0,1.93,0,45,3242.0,20.4,False,False,False,False,False,資本財,Farm & Heavy Construction Machinery,—,0,1666.7,1250.0,1000.0,833.3,False
GEHC,GE HealthCare,NASDAQ100,70.25,78.23,-10.197,-10.054,-15.277,10.837,16.059,70.4,66.3,-0.16,BUY ZONE,791,5.223,0.2,0.14,0.2,2,40,93.6,25.0,False,False,False,False,False,ヘルスケア,Medical Devices,—,0,4.7,3.5,2.8,2.3,False
4519.T,中外製薬,Nikkei225,8650.0,9578.84,-9.697,-9.612,-14.758,10.974,16.12,8658.1,8165.2,-0.09,BUY ZONE,6518,5.146,3.14,272.0,3.14,9,57,10455.0,17.3,False,False,False,False,False,ヘルスケア,Drug Manufacturers - General,—,0,9066.7,6800.0,5440.0,4533.3,False
NXPI,NXP Semi,NASDAQ100,192.69,219.23,-12.107,-12.04,-18.569,14.079,20.609,192.8,178.5,-0.08,BUY ZONE,3903,6.53,2.1,4.05,2.1,0,45,282.9,31.9,False,False,False,False,False,テクノロジー,Semiconductors,—,0,135.0,101.2,81.0,67.5,False
LOW,Lowe's,配当貴族,231.09,261.8,-11.73,-11.68,-17.921,13.286,19.527,231.2,214.9,-0.06,BUY ZONE,11571,6.241,2.55,5.9,2.55,26,40,287.4,19.6,False,False,False,False,False,一般消費財,Home Improvement Retail,—,0,196.7,147.5,118.0,98.3,False
6305.T,日立建機,Nikkei225,5432.0,6265.4,-13.302,-13.292,-20.302,14.749,21.76,5432.6,4993.4,-0.01,BUY ZONE,6259,7.01,3.22,175.0,3.22,1,52,7027.0,22.7,False,False,False,False,False,資本財,Farm & Heavy Construction Machinery,—,0,5833.3,4375.0,3500.0,2916.7,False
ITW,Illinois Tool Works,配当貴族,260.74,284.48,-8.346,-8.341,-12.821,9.579,14.059,260.8,248.0,-0.01,BUY ZONE,13343,4.48,2.96,7.72,2.96,30,45,299.6,13.0,False,False,False,False,False,資本財,Specialty Industrial Machinery,—,0,257.3,193.0,154.4,128.7,False
5201.T,AGC,Nikkei225,5543.0,6211.24,-10.759,-10.815,-16.353,11.336,16.873,5539.5,5195.5,0.06,MILD DIP,6518,5.538,3.79,210.0,3.79,0,47,6930.0,20.0,False,False,False,False,False,資本財,Conglomerates,—,0,7000.0,5250.0,4200.0,3500.0,False
SJM,J.M. Smucker,配当貴族,101.4,109.35,-7.266,-7.402,-11.295,8.17,12.063,101.3,97.0,0.15,MILD DIP,7873,3.893,5.38,5.46,5.39,16,52,144.7,29.9,False,False,False,False,False,生活必需品,Packaged Foods,—,0,182.0,136.5,109.2,91.0,False
9202.T,ANA HD,Nikkei225,2891.5,3165.22,-8.648,-8.828,-13.289,9.017,13.479,2885.8,2744.6,0.2,MILD DIP,6518,4.461,2.08,60.0,2.08,1,45,4432.1,34.8,False,False,False,False,False,資本財,Airlines,—,0,2000.0,1500.0,1200.0,1000.0,False
3116.T,トヨタ紡織,Nikkei225,2621.0,2979.24,-12.025,-12.262,-18.637,13.239,19.615,2613.9,2424.0,0.27,MILD DIP,6256,6.375,0.0,0.0,0.0,0,30,3277.0,20.0,False,False,False,False,False,一般消費財,Auto Parts,—,0,0.0,0.0,0.0,0.0,False
CL,Colgate-Palmolive,配当貴族,87.52,94.04,-6.933,-7.285,-11.191,8.336,12.242,87.2,83.5,0.38,MILD DIP,13308,3.905,2.95,2.58,2.96,52,40,105.0,16.7,False,False,False,False,False,生活必需品,Household & Personal Products,—,0,86.0,64.5,51.6,43.0,False
6902.T,デンソー,Nikkei225,1915.5,2116.36,-9.491,-9.867,-14.989,10.624,15.747,1907.5,1799.1,0.42,MILD DIP,6518,5.123,3.34,64.0,3.36,4,52,2836.7,32.5,False,False,False,False,False,一般消費財,Auto Parts,—,0,2133.3,1600.0,1280.0,1066.7,False
8267.T,イオン,Nikkei225,1934.0,2142.79,-9.744,-10.187,-15.523,11.156,16.491,1924.5,1810.2,0.49,MILD DIP,6518,5.336,0.69,13.33,0.69,2,40,2868.7,32.6,False,False,False,False,False,一般消費財,Department Stores,—,0,444.3,333.2,266.6,222.2,False
4183.T,三井化学,Nikkei225,1931.0,2178.68,-11.368,-11.824,-17.83,12.2,18.206,1921.1,1790.2,0.52,MILD DIP,6518,6.006,3.88,75.0,3.9,5,42,2399.5,19.5,False,False,False,False,False,素材,Specialty Chemicals,—,0,2500.0,1875.0,1500.0,1250.0,False
NKE,Nike,Dow30,53.47,59.74,-10.495,-11.024,-16.907,12.509,18.392,53.2,49.6,0.59,MILD DIP,11391,5.883,2.94,1.57,2.95,24,45,165.2,67.6,True,False,False,False,False,一般消費財,Footwear & Accessories,半値,1,52.3,39.2,31.4,26.2,False
KMB,Kimberly-Clark,配当貴族,98.72,104.85,-5.843,-6.604,-10.184,7.717,11.297,97.9,94.2,0.81,MILD DIP,11571,3.58,6.4,6.32,6.45,20,65,141.1,30.0,False,False,False,False,True,生活必需品,Household & Personal Products,高配当,1,210.7,158.0,126.4,105.3,False
4452.T,花王,Nikkei225,6017.0,6433.4,-6.472,-7.245,-10.999,7.769,11.522,5967.3,5725.8,0.83,MILD DIP,6518,3.754,2.56,154.0,2.58,12,45,8014.7,24.9,False,False,False,False,False,生活必需品,Household & Personal Products,—,0,5133.3,3850.0,3080.0,2566.7,False
5713.T,住友金属鉱山,Nikkei225,9137.0,10427.84,-12.379,-13.281,-20.3,14.793,21.811,9042.9,8311.0,1.04,MILD DIP,6518,7.019,1.14,104.0,1.15,1,40,13050.0,30.0,False,False,False,True,False,素材,Other Industrial Metals & Mining,月足GC,1,3466.7,2600.0,2080.0,1733.3,False
DLTR,Dollar Tree,NASDAQ100,107.49,121.54,-11.56,-12.562,-19.241,14.156,20.835,106.3,98.2,1.15,MILD DIP,7786,6.679,0.0,0.0,0.0,0,40,174.1,38.3,False,False,False,True,False,生活必需品,Discount Stores,月足GC,1,0.0,0.0,0.0,0.0,False
4612.T,日本ペイントHD,Nikkei225,988.5,1099.54,-10.099,-11.148,-17.055,12.48,18.388,977.0,912.0,1.18,MILD DIP,6259,5.907,1.32,13.0,1.33,5,45,2587.7,61.8,True,False,False,False,False,素材,Specialty Chemicals,半値,1,433.3,325.0,260.0,216.7,False
8233.T,高島屋,Nikkei225,1798.0,1999.35,-10.071,-11.19,-16.936,11.794,17.54,1775.6,1660.7,1.26,MILD DIP,6518,5.746,1.36,24.5,1.38,3,35,2372.2,24.2,False,False,False,False,False,一般消費財,Department Stores,—,0,816.7,612.5,490.0,408.3,False
HD,Home Depot,Dow30,330.93,364.94,-9.318,-10.451,-16.246,12.727,18.522,326.8,305.6,1.27,MILD DIP,11188,5.795,2.09,6.91,2.11,16,35,418.1,20.8,False,False,False,False,False,一般消費財,Home Improvement Retail,—,0,230.3,172.8,138.2,115.2,False
6472.T,NTN,Nikkei225,334.3,382.72,-12.652,-13.941,-21.038,14.445,21.541,329.4,302.2,1.5,MILD DIP,6518,7.096,3.29,11.0,3.34,3,52,769.0,56.5,True,False,False,False,False,資本財,Tools & Accessories,半値,1,366.7,275.0,220.0,183.3,False
PEP,PepsiCo,NASDAQ100,153.54,162.57,-5.552,-6.992,-10.774,8.136,11.918,151.2,145.0,1.55,MILD DIP,13537,3.782,3.67,5.63,3.72,27,45,177.2,13.4,False,False,False,False,False,生活必需品,Beverages - Non-Alcoholic,—,0,187.7,140.8,112.6,93.8,False
KDP,Keurig Dr Pepper,NASDAQ100,27.07,28.92,-6.407,-7.894,-12.18,9.249,13.535,26.6,25.4,1.61,MILD DIP,4470,4.286,3.4,0.92,3.45,5,40,36.5,25.8,False,False,False,False,False,生活必需品,Beverages - Non-Alcoholic,—,0,30.7,23.0,18.4,15.3,False
7203.T,トヨタ自動車,Nikkei225,3325.0,3591.8,-7.428,-8.971,-13.681,9.867,14.576,3269.6,3100.4,1.7,MILD DIP,6691,4.71,2.71,90.0,2.75,6,40,3944.0,15.7,False,False,False,False,False,一般消費財,Auto Manufacturers,—,0,3000.0,2250.0,1800.0,1500.0,False
CHTR,Charter Comm,NASDAQ100,209.0,228.38,-8.487,-10.04,-15.387,11.349,16.696,205.5,193.2,1.73,MILD DIP,4051,5.347,0.0,0.0,0.0,0,45,821.0,74.5,True,False,False,False,False,通信,Telecom Services,半値,1,0.0,0.0,0.0,0.0,False
CPRT,Copart,NASDAQ100,33.0,36.55,-9.713,-11.429,-17.597,13.241,19.409,32.4,30.1,1.94,MILD DIP,8030,6.168,0.0,0.0,0.0,0,35,63.8,48.3,False,False,False,False,False,資本財,Specialty Business Services,—,0,0.0,0.0,0.0,0.0,False
7261.T,マツダ,Nikkei225,1089.0,1255.82,-13.284,-14.964,-22.501,15.184,22.721,1067.9,973.2,1.98,MILD DIP,6518,7.537,5.05,55.0,5.15,0,65,2953.1,63.1,True,False,False,True,True,一般消費財,Auto Manufacturers,高配当／半値／月足GC,3,1833.3,1375.0,1100.0,916.7,False
8331.T,千葉銀行,Nikkei225,2003.5,2183.44,-8.241,-10.086,-15.33,10.893,16.138,1963.2,1848.7,2.05,MILD DIP,6518,5.245,2.0,40.0,2.04,11,40,2414.0,17.0,False,False,False,False,False,金融,Banks - Regional,—,0,1333.3,1000.0,800.0,666.7,False
POOL,Pool Corp,配当貴族,205.77,223.88,-8.087,-9.969,-15.442,11.927,17.401,201.6,189.3,2.09,MILD DIP,7632,5.474,3.01,6.2,3.08,15,50,545.5,62.3,True,False,False,False,False,資本財,Industrial Distribution,半値,1,206.7,155.0,124.0,103.3,False
HRL,Hormel Foods,配当貴族,22.71,24.07,-5.642,-7.581,-11.67,8.773,12.862,22.2,21.3,2.1,MILD DIP,11571,4.089,6.4,1.45,6.53,24,65,48.2,52.9,True,False,False,False,True,生活必需品,Packaged Foods,高配当／半値,2,48.4,36.3,29.1,24.2,False
7211.T,三菱自動車,Nikkei225,347.3,400.13,-13.204,-14.995,-22.363,14.48,21.848,340.1,310.6,2.11,MILD DIP,6518,7.369,4.32,15.0,4.41,0,60,3981.9,91.3,True,False,False,False,True,一般消費財,Auto Manufacturers,高配当／半値,2,500.0,375.0,300.0,250.0,False
6178.T,日本郵政,Nikkei225,1808.5,1921.84,-5.897,-7.852,-11.892,8.306,12.346,1770.9,1693.3,2.12,MILD DIP,2531,4.04,2.76,50.0,2.82,0,40,2091.5,13.5,False,False,False,False,False,金融,Banks - Regional,—,0,1666.7,1250.0,1000.0,833.3,False
BEN,Franklin Resources,配当貴族,23.67,26.29,-9.958,-11.843,-18.195,13.562,19.913,23.2,21.5,2.14,MILD DIP,10680,6.351,6.8,1.61,6.95,0,60,35.4,33.1,False,False,False,True,True,金融,Asset Management,高配当／月足GC,2,53.7,40.2,32.2,26.8,False
V,Visa,Dow30,299.02,315.21,-5.137,-7.157,-11.163,8.864,12.869,292.7,280.0,2.18,MILD DIP,4504,4.005,0.79,2.37,0.81,17,35,371.2,19.4,False,False,False,False,False,金融,Credit Services,—,0,79.0,59.2,47.4,39.5,False
AZN,AstraZeneca,NASDAQ100,188.42,200.04,-5.81,-7.843,-12.085,9.127,13.37,184.4,175.9,2.21,MILD DIP,8245,4.242,2.8,5.28,2.87,2,35,208.6,9.7,False,False,False,False,False,ヘルスケア,Drug Manufacturers - General,—,0,176.1,132.1,105.7,88.0,False
7911.T,凸版印刷(注:代替),Nikkei225,4659.0,5023.52,-7.256,-9.316,-14.117,9.89,14.692,4555.6,4314.4,2.27,MILD DIP,6518,4.801,1.2,56.0,1.23,1,35,5823.0,20.0,False,False,False,False,False,資本財,Conglomerates,—,0,1866.7,1400.0,1120.0,933.3,False
3861.T,王子HD,Nikkei225,875.3,945.87,-7.461,-9.515,-14.386,9.97,14.841,855.9,809.8,2.27,MILD DIP,6518,4.871,2.74,24.0,2.8,4,40,987.9,11.4,False,False,False,False,False,素材,Paper & Paper Products,—,0,800.0,600.0,480.0,400.0,False
7270.T,SUBARU,Nikkei225,2559.0,2836.76,-9.791,-11.796,-17.914,12.676,18.794,2502.1,2328.6,2.27,MILD DIP,6518,6.118,4.49,115.0,4.6,4,50,3637.4,29.6,False,False,False,False,True,一般消費財,Auto Manufacturers,高配当,1,3833.3,2875.0,2300.0,1916.7,False
CMCSA,Comcast,NASDAQ100,28.57,31.08,-8.076,-10.147,-15.581,11.588,17.022,27.9,26.2,2.3,MILD DIP,11571,5.434,4.62,1.32,4.73,6,52,50.4,43.3,False,False,False,False,False,通信,Telecom Services,—,0,44.0,33.0,26.4,22.0,False
8801.T,三井不動産,Nikkei225,1814.0,1994.8,-9.064,-11.131,-16.938,12.097,17.903,1772.8,1656.9,2.33,MILD DIP,6518,5.807,1.71,31.0,1.75,4,35,2147.5,15.5,False,False,False,False,False,不動産,Real Estate - Diversified,—,0,1033.3,775.0,620.0,516.7,False
1812.T,鹿島建設,Nikkei225,6099.0,6662.56,-8.459,-10.57,-16.167,11.817,17.414,5958.3,5585.4,2.36,MILD DIP,6518,5.597,1.71,104.0,1.75,5,35,7696.0,20.8,False,False,False,False,False,資本財,Engineering & Construction,—,0,3466.7,2600.0,2080.0,1733.3,False
5108.T,ブリヂストン,Nikkei225,3271.0,3542.72,-7.67,-9.807,-14.892,10.534,15.619,3195.3,3015.1,2.37,MILD DIP,6518,5.085,3.52,115.0,3.6,5,47,3817.0,14.3,False,False,False,False,False,一般消費財,Auto Parts,—,0,3833.3,2875.0,2300.0,1916.7,False
STE,Steris,配当貴族,216.22,237.61,-9.001,-11.114,-17.065,12.689,18.639,211.2,197.1,2.38,MILD DIP,8485,5.951,1.11,2.4,1.14,0,35,268.0,19.3,False,False,False,False,False,ヘルスケア,Medical Devices,—,0,80.0,60.0,48.0,40.0,False
MDLZ,Mondelez,NASDAQ100,56.47,58.87,-4.083,-6.362,-9.717,7.056,10.411,55.1,53.2,2.43,MILD DIP,6203,3.355,3.44,1.94,3.52,11,45,72.7,22.3,False,False,False,False,False,生活必需品,Confectioners,—,0,64.7,48.5,38.8,32.3,False
3405.T,クラレ,Nikkei225,1631.5,1750.92,-6.82,-9.032,-13.674,9.536,14.178,1592.8,1511.5,2.43,MILD DIP,6518,4.642,3.31,54.0,3.39,0,47,2280.5,28.5,False,False,False,False,False,素材,Chemicals,—,0,1800.0,1350.0,1080.0,900.0,False
6971.T,京セラ,Nikkei225,2421.0,2621.46,-7.647,-9.925,-14.965,10.234,15.273,2361.3,2229.2,2.53,MILD DIP,6518,5.04,2.07,50.0,2.12,0,40,2779.5,12.9,False,False,False,False,False,資本財,Conglomerates,—,0,1666.7,1250.0,1000.0,833.3,False
CTAS,Cintas,NASDAQ100,185.44,197.47,-6.092,-8.419,-13.045,10.089,14.715,180.8,171.7,2.54,MILD DIP,10704,4.627,0.84,1.56,0.86,4,35,226.1,18.0,False,False,False,False,False,資本財,Specialty Business Services,—,0,52.0,39.0,31.2,26.0,False
MDT,Medtronic,配当貴族,87.21,94.42,-7.633,-9.952,-15.242,11.21,16.501,85.0,80.0,2.57,MILD DIP,13308,5.29,4.05,3.53,4.15,7,40,117.6,25.8,False,False,False,False,False,ヘルスケア,Medical Devices,—,0,117.7,88.2,70.6,58.8,False
CHD,Church & Dwight,配当貴族,95.74,101.36,-5.541,-7.929,-12.272,9.442,13.784,93.3,88.9,2.59,MILD DIP,11571,4.343,1.55,1.49,1.59,29,35,111.7,14.3,False,False,False,False,False,生活必需品,Household & Personal Products,—,0,49.6,37.2,29.8,24.8,False
9022.T,東海旅客鉄道,Nikkei225,4233.0,4487.44,-5.67,-8.12,-12.332,8.728,12.94,4123.1,3934.0,2.67,MILD DIP,6256,4.212,0.73,31.0,0.75,3,35,4967.9,14.8,False,False,False,False,False,資本財,Railroads,—,0,1033.3,775.0,620.0,516.7,False
2503.T,キリンHD,Nikkei225,2475.0,2613.44,-5.297,-7.786,-11.816,8.333,12.363,2410.0,2304.6,2.7,MILD DIP,6518,4.03,2.99,74.0,3.07,1,40,2742.0,9.7,False,False,False,False,False,生活必需品,Beverages - Brewers,—,0,2466.7,1850.0,1480.0,1233.3,False
8053.T,住友商事,Nikkei225,5700.0,6155.12,-7.394,-9.865,-15.052,10.881,16.067,5547.9,5228.7,2.74,MILD DIP,6518,5.186,2.28,130.0,2.34,2,40,6739.0,15.4,False,False,False,False,False,資本財,Conglomerates,—,0,4333.3,3250.0,2600.0,2166.7,False
GWW,W.W. Grainger,配当貴族,1045.82,1118.13,-6.467,-8.962,-13.749,10.184,14.971,1017.9,964.4,2.74,MILD DIP,13357,4.787,1.06,11.09,1.09,40,35,1207.8,13.4,False,False,False,False,False,資本財,Industrial Distribution,—,0,369.7,277.2,221.8,184.8,False
7751.T,キヤノン,Nikkei225,4305.0,4597.56,-6.363,-8.887,-13.468,9.437,14.018,4189.0,3978.4,2.77,MILD DIP,6518,4.581,3.72,160.0,3.82,5,47,5009.1,14.1,False,False,False,False,False,テクノロジー,Computer Hardware,—,0,5333.3,4000.0,3200.0,2666.7,False
KHC,Kraft Heinz,NASDAQ100,22.08,23.69,-6.79,-9.308,-13.82,8.741,13.253,21.5,20.4,2.78,MILD DIP,2668,4.512,7.25,1.6,7.45,0,65,63.0,65.0,True,False,False,False,True,生活必需品,Packaged Foods,高配当／半値,2,53.3,40.0,32.0,26.7,False
7202.T,いすゞ自動車,Nikkei225,2342.5,2675.0,-12.43,-14.844,-22.531,15.907,23.594,2277.9,2072.3,2.83,MILD DIP,6518,7.688,3.93,92.0,4.04,0,42,2918.5,19.7,False,False,False,False,False,一般消費財,Auto Manufacturers,—,0,3066.7,2300.0,1840.0,1533.3,False
BA,Boeing,Dow30,205.99,226.18,-8.927,-11.43,-17.45,12.647,18.667,200.3,186.7,2.83,MILD DIP,16136,6.019,3.99,8.22,4.1,0,50,430.3,52.1,True,False,False,True,False,資本財,Aerospace & Defense,半値／月足GC,2,274.0,205.5,164.4,137.0,False
6273.T,SMC,Nikkei225,64870.0,70417.6,-7.878,-10.421,-15.833,11.224,16.636,63079.1,59268.5,2.84,MILD DIP,6259,5.411,1.54,1000.0,1.59,0,35,88444.1,26.7,False,False,False,False,False,資本財,Specialty Industrial Machinery,—,0,33333.3,25000.0,20000.0,16666.7,False
2801.T,キッコーマン,Nikkei225,1336.5,1426.62,-6.317,-8.928,-13.654,9.979,14.706,1299.3,1231.8,2.87,MILD DIP,6518,4.727,1.87,25.0,1.92,5,40,1964.7,32.0,False,False,False,False,False,生活必需品,Packaged Foods,—,0,833.3,625.0,500.0,416.7,False
4151.T,協和キリン,Nikkei225,2348.0,2522.08,-6.902,-9.499,-14.385,10.048,14.935,2282.5,2159.3,2.87,MILD DIP,6518,4.887,2.64,62.0,2.72,9,45,3834.2,38.8,False,False,False,False,False,ヘルスケア,Drug Manufacturers - Specialty & Generic,—,0,2066.7,1550.0,1240.0,1033.3,False
AXP,American Express,Dow30,294.39,318.84,-7.667,-10.422,-15.915,11.55,17.043,285.6,268.1,3.07,MILD DIP,13537,5.493,1.07,3.16,1.11,4,25,384.0,23.3,False,False,False,False,False,金融,Credit Services,—,0,105.3,79.0,63.2,52.7,False
9001.T,東武鉄道,Nikkei225,2876.5,3002.98,-4.212,-7.071,-10.709,7.481,11.119,2790.6,2681.4,3.08,MILD DIP,6518,3.638,2.09,60.0,2.15,4,35,3955.4,27.3,False,False,False,False,False,資本財,Railroads,—,0,2000.0,1500.0,1200.0,1000.0,False
1801.T,大成建設,Nikkei225,16780.0,18181.2,-7.707,-10.513,-16.125,11.933,17.544,16269.7,15249.5,3.14,MILD DIP,6518,5.611,1.25,210.0,1.29,1,25,20390.0,17.7,False,False,False,False,False,資本財,Engineering & Construction,—,0,7000.0,5250.0,4200.0,3500.0,False
9020.T,東日本旅客鉄道,Nikkei225,3611.0,3775.68,-4.362,-7.302,-11.074,7.788,11.56,3500.0,3357.6,3.17,MILD DIP,6518,3.772,1.66,60.0,1.71,3,30,4200.0,14.0,False,False,False,False,False,資本財,Railroads,—,0,2000.0,1500.0,1200.0,1000.0,False
4005.T,住友化学,Nikkei225,483.0,529.56,-8.792,-11.659,-17.58,12.028,17.949,467.8,436.5,3.25,MILD DIP,6518,5.922,1.86,9.0,1.92,1,25,673.2,28.3,False,False,False,False,False,素材,Chemicals,—,0,300.0,225.0,180.0,150.0,False
PNR,Pentair,配当貴族,88.27,96.31,-8.348,-11.296,-17.224,12.416,18.344,85.4,79.7,3.32,MILD DIP,13307,5.928,1.44,1.27,1.49,6,25,112.1,21.2,False,False,False,False,False,資本財,Specialty Industrial Machinery,—,0,42.3,31.8,25.4,21.2,False
SYY,Sysco,配当貴族,82.51,87.54,-5.742,-8.774,-13.512,10.178,14.916,79.9,75.7,3.32,MILD DIP,13304,4.738,3.2,2.64,3.31,10,30,91.2,9.5,False,False,False,False,False,生活必需品,Food Distribution,—,0,88.0,66.0,52.8,44.0,False
4631.T,DIC,Nikkei225,3844.0,4181.8,-8.078,-11.075,-16.734,11.561,17.22,3718.7,3482.0,3.37,MILD DIP,6259,5.659,1.56,60.0,1.61,2,25,4624.0,16.9,False,False,False,False,False,素材,Specialty Chemicals,—,0,2000.0,1500.0,1200.0,1000.0,False
4528.T,小野薬品,Nikkei225,2349.5,2494.86,-5.826,-8.933,-13.578,9.647,14.292,2272.0,2156.1,3.41,MILD DIP,6256,4.645,2.55,60.0,2.64,0,40,4571.5,48.6,False,False,False,True,False,ヘルスケア,Drug Manufacturers - General,月足GC,1,2000.0,1500.0,1200.0,1000.0,False
2502.T,アサヒGHD,Nikkei225,1576.0,1653.72,-4.7,-7.891,-12.036,8.691,12.837,1523.2,1454.7,3.46,MILD DIP,6518,4.146,3.11,49.0,3.22,23,37,1971.4,20.1,False,False,False,False,False,生活必需品,Beverages - Brewers,—,0,1633.3,1225.0,980.0,816.7,False
4902.T,コニカミノルタ,Nikkei225,497.5,553.67,-10.145,-13.205,-19.926,13.677,20.398,480.6,443.3,3.53,MILD DIP,6518,6.721,0.0,0.0,0.0,0,30,1390.3,64.2,True,False,False,False,False,資本財,Business Equipment & Supplies,半値,1,0.0,0.0,0.0,0.0,False
6141.T,DMG森精機,Nikkei225,2504.0,2816.68,-11.101,-14.145,-21.411,14.92,22.186,2418.3,2213.6,3.55,MILD DIP,6256,7.266,2.08,52.0,2.15,5,30,4457.0,43.8,False,False,False,False,False,資本財,Tools & Accessories,—,0,1733.3,1300.0,1040.0,866.7,False
ORLY,O'Reilly Auto,NASDAQ100,87.72,93.33,-6.011,-9.235,-14.34,11.187,16.292,84.7,79.9,3.55,MILD DIP,8258,5.105,0.0,0.0,0.0,0,25,107.8,18.6,False,False,False,False,False,一般消費財,Auto Parts,—,0,0.0,0.0,0.0,0.0,False
5301.T,東海カーボン,Nikkei225,918.7,1019.82,-9.915,-13.016,-19.783,14.05,20.817,887.1,818.1,3.56,MILD DIP,6518,6.767,3.27,30.0,3.38,0,42,1858.1,50.6,True,False,False,False,False,素材,Specialty Chemicals,半値,1,1000.0,750.0,600.0,500.0,False
PCAR,PACCAR,NASDAQ100,114.69,122.54,-6.405,-9.63,-14.81,11.09,16.27,110.7,104.4,3.57,MILD DIP,11571,5.18,2.37,2.72,2.46,0,25,129.5,11.4,False,False,False,False,False,資本財,Farm & Heavy Construction Machinery,—,0,90.7,68.0,54.4,45.3,False
9531.T,東京ガス,Nikkei225,7319.0,7617.76,-3.922,-7.249,-11.107,8.185,12.044,7065.6,6771.7,3.59,MILD DIP,6518,3.858,1.09,80.0,1.13,2,30,7861.0,6.9,False,False,False,False,False,公益,Utilities - Regulated Gas,—,0,2666.7,2000.0,1600.0,1333.3,False
7912.T,大日本印刷,Nikkei225,2920.5,3092.36,-5.558,-8.871,-13.434,9.382,13.945,2818.0,2676.9,3.64,MILD DIP,6518,4.563,1.3,38.0,1.35,1,25,3297.0,11.4,False,False,False,False,False,資本財,Conglomerates,—,0,1266.7,950.0,760.0,633.3,False
O,Realty Income,配当貴族,63.04,65.36,-3.548,-6.97,-10.779,8.265,12.074,60.8,58.3,3.68,MILD DIP,7882,3.809,5.56,3.5,5.76,1,42,67.6,6.7,False,False,False,False,False,不動産,REIT - Retail,—,0,116.7,87.5,70.0,58.4,False
1928.T,積水ハウス,Nikkei225,3490.0,3668.24,-4.859,-8.235,-12.564,9.079,13.407,3366.2,3207.4,3.68,MILD DIP,6518,4.328,4.13,144.0,4.28,4,50,3867.5,9.8,False,False,False,True,True,一般消費財,Residential Construction,高配当／月足GC,2,4800.0,3600.0,2880.0,2400.0,False
NUE,Nucor,配当貴族,161.16,175.14,-7.98,-11.261,-17.254,12.713,18.706,155.4,144.9,3.7,MILD DIP,11571,5.993,1.71,2.76,1.78,16,25,195.4,17.5,False,False,False,False,False,素材,Steel,—,0,92.0,69.0,55.2,46.0,False
9008.T,京王電鉄,Nikkei225,3877.0,4043.44,-4.116,-7.587,-11.497,8.052,11.961,3736.6,3578.6,3.76,MILD DIP,6518,3.91,2.58,100.0,2.68,3,50,8126.7,52.3,True,False,False,True,False,資本財,Conglomerates,半値／月足GC,2,3333.3,2500.0,2000.0,1666.7,False
3289.T,東急不動産HD,Nikkei225,1382.0,1476.96,-6.429,-9.909,-15.027,10.565,15.684,1330.6,1255.0,3.86,MILD DIP,3039,5.119,2.64,36.5,2.74,4,30,1582.0,12.6,False,False,False,False,False,不動産,Real Estate - Diversified,—,0,1216.7,912.5,730.0,608.3,False
9009.T,京成電鉄,Nikkei225,1218.5,1293.1,-5.769,-9.326,-14.217,10.237,15.128,1172.5,1109.3,3.92,MILD DIP,6518,4.891,1.72,21.0,1.79,3,35,2464.4,50.6,True,False,False,False,False,資本財,Railroads,半値,1,700.0,525.0,420.0,350.0,False
6954.T,ファナック,Nikkei225,5936.0,6402.52,-7.287,-10.811,-16.386,11.489,17.064,5710.4,5353.4,3.95,MILD DIP,6518,5.575,1.59,94.39,1.65,1,25,7113.0,16.5,False,False,False,False,False,資本財,Specialty Industrial Machinery,—,0,3146.3,2359.8,1887.8,1573.2,False
TXN,Texas Instruments,NASDAQ100,190.78,207.72,-8.155,-11.706,-17.853,12.88,19.027,183.4,170.6,4.02,MILD DIP,13537,6.147,2.89,5.51,3.0,22,20,226.6,15.8,False,False,False,False,False,テクノロジー,Semiconductors,—,0,183.7,137.8,110.2,91.8,False
ABT,Abbott Labs,配当貴族,108.49,112.21,-3.311,-7.064,-10.944,8.455,12.335,104.3,99.9,4.04,MILD DIP,11571,3.88,2.76,2.99,2.87,12,30,137.6,21.2,False,False,False,False,False,ヘルスケア,Medical Devices,—,0,99.7,74.7,59.8,49.8,False
4208.T,UBE,Nikkei225,2485.5,2708.5,-8.233,-11.822,-17.851,12.296,18.325,2388.3,2225.0,4.07,MILD DIP,6518,6.029,4.43,110.0,4.61,0,40,2896.5,14.2,False,False,False,False,True,素材,Specialty Chemicals,高配当,1,3666.7,2750.0,2200.0,1833.3,False
KO,Coca-Cola,Dow30,75.97,78.32,-2.996,-6.798,-10.493,7.983,11.678,73.0,70.1,4.08,MILD DIP,16136,3.695,2.71,2.06,2.82,23,30,81.0,6.2,False,False,False,False,False,生活必需品,Beverages - Non-Alcoholic,—,0,68.7,51.5,41.2,34.3,False
1721.T,コムシスHD,Nikkei225,5147.0,5446.76,-5.503,-9.244,-14.174,10.475,15.405,4943.2,4674.7,4.12,MILD DIP,5544,4.93,2.23,115.0,2.33,2,30,5762.0,10.7,False,False,False,False,False,資本財,Engineering & Construction,—,0,3833.3,2875.0,2300.0,1916.7,False
9007.T,小田急電鉄,Nikkei225,1654.5,1712.54,-3.389,-7.209,-10.941,7.719,11.451,1589.1,1525.2,4.12,MILD DIP,6518,3.732,2.42,40.0,2.52,3,40,3209.8,48.5,False,False,False,False,False,資本財,Railroads,—,0,1333.3,1000.0,800.0,666.7,False
9064.T,ヤマトHD,Nikkei225,1725.5,1828.92,-5.655,-9.434,-14.153,9.441,14.159,1656.4,1570.1,4.17,MILD DIP,6518,4.719,2.67,46.0,2.78,0,35,3070.8,43.8,False,False,False,False,False,資本財,Trucking,—,0,1533.3,1150.0,920.0,766.7,False
6361.T,荏原製作所,Nikkei225,4752.0,5276.64,-9.943,-13.591,-20.614,14.5,21.523,4559.5,4188.9,4.22,MILD DIP,6518,7.023,1.24,59.0,1.29,5,20,5680.0,16.3,False,False,False,False,False,資本財,Specialty Industrial Machinery,—,0,1966.7,1475.0,1180.0,983.3,False
5411.T,JFE HD,Nikkei225,1886.5,2088.04,-9.652,-13.314,-20.129,13.946,20.76,1810.0,1667.7,4.22,MILD DIP,5806,6.815,5.3,100.0,5.52,0,55,5224.2,63.9,True,False,False,True,True,素材,Steel,高配当／半値／月足GC,3,3333.3,2500.0,2000.0,1666.7,False
2802.T,味の素,Nikkei225,4405.0,4577.56,-3.77,-7.714,-11.803,8.641,12.729,4224.4,4037.3,4.27,MILD DIP,6518,4.089,0.91,40.0,0.95,5,25,4968.0,11.3,False,False,False,False,False,生活必需品,Packaged Foods,—,0,1333.3,1000.0,800.0,666.7,False
CHRW,C.H. Robinson,配当貴族,170.64,179.64,-5.009,-9.007,-13.868,10.437,15.298,163.5,154.7,4.39,MILD DIP,7124,4.861,1.83,3.12,1.91,14,25,199.9,14.6,False,False,False,False,False,資本財,Integrated Freight & Logistics,—,0,104.0,78.0,62.4,52.0,False
2501.T,サッポロHD,Nikkei225,1595.0,1706.22,-6.519,-10.52,-15.995,11.382,16.857,1526.7,1433.3,4.47,MILD DIP,6518,5.475,1.13,18.0,1.18,3,25,1880.5,15.2,False,False,False,False,False,生活必需品,Beverages - Brewers,—,0,600.0,450.0,360.0,300.0,False
GS,Goldman Sachs,Dow30,805.48,864.21,-6.796,-10.787,-16.478,11.975,17.666,771.0,721.8,4.47,MILD DIP,6736,5.691,1.74,14.01,1.82,14,25,970.8,17.0,False,False,False,False,False,金融,Capital Markets,—,0,467.0,350.2,280.2,233.5,False
9021.T,西日本旅客鉄道,Nikkei225,3177.0,3296.92,-3.637,-7.781,-11.791,8.26,12.27,3040.4,2908.2,4.49,MILD DIP,6518,4.01,2.66,84.5,2.78,3,30,4339.3,26.8,False,False,False,False,False,資本財,Railroads,—,0,2816.7,2112.5,1690.0,1408.3,False
3105.T,日清紡HD,Nikkei225,1513.5,1633.88,-7.368,-11.404,-17.31,12.218,18.123,1447.6,1351.1,4.56,MILD DIP,6518,5.905,0.0,0.0,0.0,0,25,1773.5,14.7,False,False,False,False,False,資本財,Conglomerates,—,0,0.0,0.0,0.0,0.0,False
6103.T,オークマ,Nikkei225,3820.0,4266.0,-10.455,-14.357,-21.775,15.315,22.733,3653.5,3337.1,4.56,MILD DIP,6518,7.418,2.62,100.0,2.74,0,25,4665.0,18.1,False,False,False,False,False,資本財,Specialty Industrial Machinery,—,0,3333.3,2500.0,2000.0,1666.7,False
6645.T,オムロン,Nikkei225,4566.0,4908.16,-6.971,-11.056,-16.727,11.628,17.299,4365.5,4087.2,4.59,MILD DIP,6256,5.671,2.28,104.0,2.38,0,40,11189.8,59.2,True,False,False,False,False,テクノロジー,Electronic Components,半値,1,3466.7,2600.0,2080.0,1733.3,False
2002.T,日清製粉G,Nikkei225,2045.5,2112.1,-3.153,-7.436,-11.328,8.136,12.028,1955.1,1872.8,4.63,MILD DIP,6518,3.893,2.69,55.0,2.81,3,35,2285.5,10.5,False,False,False,False,False,生活必需品,Packaged Foods,—,0,1833.3,1375.0,1100.0,916.7,False
ESS,Essex Property,配当貴族,246.7,254.52,-3.071,-7.362,-11.356,8.615,12.609,235.8,225.6,4.63,MILD DIP,7975,3.994,5.16,12.73,5.4,1,42,311.5,20.8,False,False,False,False,False,不動産,REIT - Residential,—,0,424.3,318.2,254.6,212.2,False
JNJ,Johnson & Johnson,Dow30,237.28,243.1,-2.394,-6.719,-10.404,8.022,11.707,226.8,217.8,4.64,MILD DIP,16136,3.685,2.17,5.14,2.27,63,30,248.6,4.5,False,False,False,False,False,ヘルスケア,Drug Manufacturers - General,—,0,171.3,128.5,102.8,85.7,False
MCHP,Microchip Tech,NASDAQ100,64.71,71.51,-9.504,-13.558,-20.82,15.489,22.751,61.8,56.6,4.69,MILD DIP,8282,7.262,2.81,1.82,2.94,14,25,94.7,31.7,False,False,False,False,False,テクノロジー,Semiconductors,—,0,60.7,45.5,36.4,30.3,False
MRK,Merck,Dow30,114.5,118.49,-3.371,-7.703,-11.856,8.912,13.066,109.4,104.4,4.69,MILD DIP,16136,4.154,2.83,3.24,2.96,15,25,125.4,8.7,False,False,False,False,False,ヘルスケア,Drug Manufacturers - General,—,0,108.0,81.0,64.8,54.0,False
6370.T,栗田工業,Nikkei225,7698.0,8149.0,-5.534,-9.78,-14.9,10.698,15.817,7352.0,6934.8,4.71,MILD DIP,6259,5.12,1.35,104.0,1.41,16,25,8733.0,11.9,False,False,False,False,False,資本財,Pollution & Treatment Controls,—,0,3466.7,2600.0,2080.0,1733.3,False
CAT,Caterpillar,Dow30,693.62,733.77,-5.471,-9.738,-14.908,10.944,16.115,662.3,624.4,4.73,MILD DIP,16136,5.17,0.84,5.84,0.88,12,25,775.0,10.5,False,False,False,False,False,資本財,Farm & Heavy Construction Machinery,—,0,194.7,146.0,116.8,97.3,False
NDSN,Nordson,配当貴族,267.55,284.42,-5.933,-10.218,-15.668,11.585,17.035,255.4,239.9,4.77,MILD DIP,11570,5.451,1.49,3.98,1.56,1,25,299.3,10.6,False,False,False,False,False,資本財,Specialty Industrial Machinery,—,0,132.7,99.5,79.6,66.3,False
BRO,Brown & Brown,配当貴族,67.08,69.85,-3.96,-8.376,-12.939,9.875,14.438,64.0,60.8,4.82,MILD DIP,11342,4.563,1.16,0.78,1.22,32,30,123.5,45.7,False,False,False,False,False,金融,Insurance Brokers,—,0,26.0,19.5,15.6,13.0,False
6471.T,日本精工,Nikkei225,1162.0,1269.64,-8.478,-12.694,-19.188,13.283,19.777,1108.5,1026.0,4.83,MILD DIP,6518,6.494,2.93,34.0,3.07,2,25,1467.6,20.8,False,False,False,False,False,一般消費財,Auto Parts,—,0,1133.3,850.0,680.0,566.7,False
4042.T,東ソー,Nikkei225,2333.0,2547.7,-8.427,-12.696,-19.259,13.56,20.124,2224.3,2057.0,4.89,MILD DIP,6518,6.564,4.29,100.0,4.5,2,40,2740.5,14.9,False,False,False,False,True,素材,Chemicals,高配当,1,3333.3,2500.0,2000.0,1666.7,False
8304.T,あおぞら銀行(注:代替),Nikkei225,2484.5,2667.64,-6.865,-11.218,-16.879,11.426,17.087,2368.4,2217.4,4.9,MILD DIP,4728,5.661,3.18,79.0,3.34,1,37,3154.9,21.2,False,False,False,False,False,金融,Banks - Regional,—,0,2633.3,1975.0,1580.0,1316.7,False
8411.T,みずほFG,Nikkei225,6150.0,6701.44,-8.229,-12.531,-19.147,13.933,20.549,5861.7,5418.3,4.92,MILD DIP,5687,6.616,2.28,140.0,2.39,5,25,7867.0,21.8,False,False,False,False,False,金融,Banks - Regional,—,0,4666.7,3500.0,2800.0,2333.3,False
1332.T,日本水産,Nikkei225,1372.0,1457.72,-5.88,-10.321,-15.754,11.414,16.848,1307.3,1228.1,4.95,MILD DIP,6518,5.434,2.04,28.0,2.14,6,30,1560.0,12.1,False,False,False,False,False,生活必需品,Packaged Foods,—,0,933.3,700.0,560.0,466.7,False
1925.T,大和ハウス,Nikkei225,5159.0,5419.88,-4.813,-9.313,-14.221,10.319,15.227,4915.1,4649.1,4.96,MILD DIP,6518,4.908,2.91,150.0,3.05,5,30,5710.0,9.6,False,False,False,False,False,不動産,Real Estate - Development,—,0,5000.0,3750.0,3000.0,2500.0,False
4021.T,日産化学,Nikkei225,6143.0,6563.56,-6.407,-10.845,-16.575,12.072,17.801,5851.7,5475.7,4.98,MILD DIP,6518,5.729,2.83,174.0,2.97,1,30,7107.0,13.6,False,False,False,False,False,素材,Chemicals,—,0,5800.0,4350.0,3480.0,2900.0,False
T,AT&T,配当貴族,27.41,28.09,-2.436,-7.118,-10.96,8.252,12.094,26.1,25.0,5.04,MILD DIP,10639,3.842,5.07,1.39,5.33,0,32,29.0,5.4,False,False,False,False,False,通信,Telecom Services,—,0,46.3,34.8,27.8,23.2,False
CDW,CDW,NASDAQ100,117.59,122.45,-3.971,-8.588,-13.268,10.132,14.812,111.9,106.2,5.05,MILD DIP,3176,4.68,2.67,3.13,2.8,12,25,250.5,53.1,True,False,False,False,False,テクノロジー,Information Technology Services,半値,1,104.5,78.4,62.7,52.2,False
3863.T,日本製紙,Nikkei225,1206.0,1258.8,-4.194,-8.809,-13.272,9.046,13.51,1147.9,1091.7,5.06,MILD DIP,3167,4.464,0.83,10.0,0.87,1,25,2110.7,42.9,False,False,False,True,False,素材,Paper & Paper Products,月足GC,1,333.3,250.0,200.0,166.7,False
5714.T,DOWAホールディングス,Nikkei225,9271.0,10089.16,-8.109,-12.602,-19.221,13.875,20.494,8817.7,8149.9,5.14,MILD DIP,6518,6.619,1.62,150.0,1.7,1,10,11830.0,21.6,False,False,False,False,False,素材,Other Industrial Metals & Mining,—,0,5000.0,3750.0,3000.0,2500.0,False
DOV,Dover,配当貴族,212.23,221.11,-4.018,-8.811,-13.543,10.116,14.848,201.6,191.2,5.26,MILD DIP,11571,4.732,1.22,2.59,1.28,41,15,232.8,8.8,False,False,False,False,False,資本財,Specialty Industrial Machinery,—,0,86.3,64.8,51.8,43.2,False
6113.T,アマダ,Nikkei225,2276.5,2439.02,-6.663,-11.433,-17.347,12.223,18.137,2160.2,2015.9,5.39,MILD DIP,6259,5.914,2.72,62.0,2.87,0,20,2660.5,14.4,False,False,False,False,False,資本財,Specialty Industrial Machinery,—,0,2066.7,1550.0,1240.0,1033.3,False
6594.T,ニデック,Nikkei225,2164.0,2319.08,-6.687,-11.473,-17.454,12.451,18.432,2053.0,1914.3,5.41,MILD DIP,6256,5.981,3.47,75.0,3.65,0,37,7213.1,70.0,True,False,False,False,False,資本財,Specialty Industrial Machinery,半値,1,2500.0,1875.0,1500.0,1250.0,False
8001.T,伊藤忠商事,Nikkei225,2024.0,2141.24,-5.475,-10.329,-15.879,11.875,17.425,1920.1,1801.2,5.41,MILD DIP,6518,5.551,1.98,40.0,2.08,5,15,2270.0,10.8,False,False,False,False,False,資本財,Conglomerates,—,0,1333.3,1000.0,800.0,666.7,False
ODFL,Old Dominion Freight,NASDAQ100,182.57,194.43,-6.099,-10.975,-16.902,12.733,18.66,173.1,161.6,5.48,MILD DIP,8636,5.927,0.61,1.12,0.65,8,15,229.6,20.5,False,False,False,False,False,資本財,Trucking,—,0,37.3,28.0,22.4,18.7,False
5703.T,日本軽金属HD,Nikkei225,2736.0,2955.92,-7.44,-12.334,-18.714,13.185,19.565,2591.3,2402.7,5.58,MILD DIP,6518,6.38,1.83,50.0,1.93,2,10,3175.0,13.8,False,False,False,False,False,素材,Aluminum,—,0,1666.7,1250.0,1000.0,833.3,False
XEL,Xcel Energy,NASDAQ100,80.02,81.28,-1.55,-6.772,-10.372,7.627,11.227,75.8,72.8,5.6,MILD DIP,13357,3.6,2.84,2.27,3.0,1,20,83.3,3.9,False,False,False,False,False,公益,Utilities - Regulated Electric,—,0,75.7,56.8,45.4,37.8,False
IDXX,IDEXX Labs,NASDAQ100,577.12,620.94,-7.057,-12.006,-18.512,14.016,20.521,546.4,506.0,5.62,MILD DIP,8723,6.506,0.0,0.0,0.0,0,10,766.7,24.7,False,False,False,False,False,ヘルスケア,Diagnostics & Research,—,0,0.0,0.0,0.0,0.0,False
6506.T,安川電機,Nikkei225,4437.0,4930.03,-10.001,-14.799,-22.478,15.916,23.595,4200.4,3821.9,5.63,MILD DIP,6259,7.679,1.53,68.0,1.62,4,15,6569.2,32.5,False,False,False,False,False,資本財,Electrical Equipment & Parts,—,0,2266.7,1700.0,1360.0,1133.3,False
1802.T,大林組,Nikkei225,3837.0,4052.12,-5.309,-10.37,-15.85,11.547,17.026,3631.9,3409.9,5.65,MILD DIP,6518,5.479,2.11,81.0,2.23,0,20,4416.0,13.1,False,False,False,False,False,資本財,Engineering & Construction,—,0,2700.0,2025.0,1620.0,1350.0,False
HON,Honeywell,Dow30,229.92,239.42,-3.969,-9.131,-13.931,10.065,14.864,217.6,206.1,5.68,MILD DIP,16136,4.799,1.99,4.58,2.11,15,15,248.0,7.3,False,False,False,False,False,資本財,Conglomerates,—,0,152.7,114.5,91.6,76.3,False
2871.T,ニチレイ,Nikkei225,1974.5,2046.1,-3.499,-8.688,-13.277,9.671,14.261,1868.3,1774.4,5.68,MILD DIP,6518,4.59,2.33,46.0,2.46,0,20,2215.2,10.9,False,False,False,False,False,生活必需品,Packaged Foods,—,0,1533.3,1150.0,920.0,766.7,False
ADP,ADP,NASDAQ100,208.28,212.62,-2.043,-7.321,-11.323,8.686,12.688,197.1,188.5,5.7,MILD DIP,11571,4.002,2.97,6.19,3.14,23,20,318.8,34.7,False,False,False,False,False,テクノロジー,Software - Application,—,0,206.3,154.8,123.8,103.2,False
CAH,Cardinal Health,配当貴族,211.87,221.65,-4.41,-9.597,-14.752,11.021,16.175,200.4,188.9,5.74,MILD DIP,10715,5.155,1.2,2.55,1.27,1,15,229.9,7.8,False,False,False,False,False,ヘルスケア,Medical Distribution,—,0,84.8,63.6,50.9,42.4,False
3382.T,セブン&アイ,Nikkei225,2064.5,2142.04,-3.62,-8.875,-13.476,9.528,14.129,1951.9,1853.4,5.77,MILD DIP,6518,4.601,1.94,40.0,2.05,1,15,2548.6,19.0,False,False,False,False,False,生活必需品,Grocery Stores,—,0,1333.3,1000.0,800.0,666.7,False
6302.T,住友重機械,Nikkei225,5045.0,5564.48,-9.336,-14.308,-21.693,15.232,22.617,4768.3,4357.4,5.8,MILD DIP,6518,7.385,2.48,125.0,2.62,0,15,6281.0,19.7,False,False,False,False,False,資本財,Specialty Industrial Machinery,—,0,4166.7,3125.0,2500.0,2083.3,False
3659.T,ネクソン,Nikkei225,2873.5,3125.66,-8.067,-13.112,-20.019,14.519,21.426,2715.8,2499.9,5.81,MILD DIP,3485,6.908,1.57,45.0,1.66,2,15,4421.0,35.0,False,False,False,False,False,通信,Electronic Gaming & Multimedia,—,0,1500.0,1125.0,900.0,750.0,False
CINF,Cincinnati Financial,配当貴族,160.2,164.42,-2.566,-7.948,-12.263,9.312,13.627,151.4,144.3,5.85,MILD DIP,11571,4.315,2.68,4.29,2.83,7,15,172.6,7.2,False,False,False,False,False,金融,Insurance - Property & Casualty,—,0,143.0,107.2,85.8,71.5,False
8354.T,ふくおかFG,Nikkei225,6089.0,6439.12,-5.437,-10.696,-16.211,11.363,16.878,5750.4,5395.3,5.89,MILD DIP,6259,5.515,2.22,135.0,2.35,5,20,7293.0,16.5,False,False,False,False,False,金融,Banks - Regional,—,0,4500.0,3375.0,2700.0,2250.0,False
8316.T,三井住友FG,Nikkei225,5156.0,5570.12,-7.435,-12.593,-19.101,13.438,19.945,4868.7,4506.2,5.9,MILD DIP,6518,6.508,2.37,122.0,2.51,9,15,6204.0,16.9,False,False,False,False,False,金融,Banks - Diversified,—,0,4066.7,3050.0,2440.0,2033.3,False
NEE,NextEra Energy,配当貴族,90.96,92.18,-1.328,-6.827,-10.505,7.887,11.565,85.9,82.5,5.9,MILD DIP,13357,3.678,3.18,2.89,3.37,30,25,95.0,4.3,False,False,False,False,False,公益,Utilities - Regulated Electric,—,0,96.4,72.3,57.8,48.2,False
9434.T,ソフトバンク,Nikkei225,215.6,213.1,1.171,-4.495,-7.021,5.607,8.133,203.5,198.1,5.93,NEUTRAL,1742,2.526,3.99,8.6,4.23,0,22,242.2,11.0,False,False,False,False,False,通信,Telecom Services,—,0,286.7,215.0,172.0,143.3,False
8591.T,オリックス,Nikkei225,4736.0,5161.6,-8.246,-13.387,-20.332,14.395,21.34,4470.6,4112.1,5.94,MILD DIP,6259,6.945,2.53,120.01,2.68,2,15,5618.0,15.7,False,False,False,False,False,金融,Financial Conglomerates,—,0,4000.3,3000.2,2400.2,2000.2,False
MCD,McDonald's,Dow30,315.73,328.17,-3.791,-9.217,-14.179,10.631,15.593,297.9,281.6,5.98,MILD DIP,15001,4.962,2.26,7.15,2.4,50,15,339.2,6.9,False,False,False,False,False,一般消費財,Restaurants,—,0,238.3,178.8,143.0,119.2,False
4503.T,アステラス製薬,Nikkei225,2382.0,2443.88,-2.532,-8.055,-12.243,8.696,12.884,2247.0,2144.7,6.01,MILD DIP,6518,4.188,3.11,74.0,3.29,12,27,2601.5,8.4,False,False,False,False,False,ヘルスケア,Drug Manufacturers - General,—,0,2466.7,1850.0,1480.0,1233.3,False
8802.T,三菱地所,Nikkei225,4682.0,4949.6,-5.406,-10.789,-16.386,11.597,17.194,4415.6,4138.6,6.03,MILD DIP,6518,5.597,0.92,43.0,0.97,2,15,5308.0,11.8,False,False,False,False,False,不動産,Real Estate - Diversified,—,0,1433.3,1075.0,860.0,716.7,False
9005.T,東急,Nikkei225,1846.5,1929.12,-4.283,-9.722,-14.759,10.424,15.461,1741.6,1644.4,6.03,MILD DIP,6518,5.037,1.3,24.0,1.38,2,15,2057.2,10.2,False,False,False,False,False,一般消費財,Department Stores,—,0,800.0,600.0,480.0,400.0,False
3401.T,帝人,Nikkei225,1568.0,1643.2,-4.576,-10.031,-15.096,10.227,15.292,1478.4,1395.1,6.06,MILD DIP,6518,5.065,3.19,50.0,3.38,2,37,2855.6,45.1,False,False,False,True,False,資本財,Conglomerates,月足GC,1,1666.7,1250.0,1000.0,833.3,False
WMT,Walmart,Dow30,121.98,126.32,-3.438,-8.991,-13.932,10.773,15.714,115.0,108.7,6.1,MILD DIP,13477,4.941,0.76,0.93,0.81,43,15,133.9,8.9,False,False,False,False,False,生活必需品,Discount Stores,—,0,31.0,23.2,18.6,15.5,False
4661.T,OLC,Nikkei225,2724.0,2780.36,-2.027,-7.69,-11.763,8.601,12.673,2566.5,2453.3,6.13,MILD DIP,6259,4.073,0.51,14.0,0.55,0,25,5644.8,51.7,True,False,False,False,False,一般消費財,Leisure,半値,1,466.7,350.0,280.0,233.3,False
8750.T,第一生命HD,Nikkei225,1400.0,1499.1,-6.611,-12.004,-18.318,13.254,19.569,1319.1,1224.5,6.13,MILD DIP,3901,6.315,2.45,34.25,2.6,0,15,1611.0,13.1,False,False,False,False,False,金融,Insurance - Life,—,0,1141.7,856.2,685.0,570.8,False
5401.T,日本製鉄,Nikkei225,592.7,629.17,-5.796,-11.247,-16.994,11.742,17.489,558.4,522.2,6.14,MILD DIP,6518,5.747,5.4,32.0,5.73,1,40,973.0,39.1,False,False,False,False,True,素材,Steel,高配当,1,1066.7,800.0,640.0,533.3,False
8015.T,豊田通商,Nikkei225,6275.0,6622.04,-5.241,-10.724,-16.557,12.608,18.442,5911.9,5525.6,6.14,MILD DIP,6518,5.833,1.67,105.0,1.78,5,15,7094.0,11.5,False,False,False,False,False,資本財,Conglomerates,—,0,3500.0,2625.0,2100.0,1750.0,False
ADI,Analog Devices,NASDAQ100,308.59,333.62,-7.502,-12.923,-19.787,14.533,21.397,290.5,267.6,6.23,MILD DIP,11571,6.864,1.28,3.95,1.36,22,10,359.7,14.2,False,False,False,False,False,テクノロジー,Semiconductors,—,0,131.7,98.8,79.0,65.8,False
4043.T,トクヤマ,Nikkei225,3724.0,4078.88,-8.7,-14.077,-21.272,14.704,21.9,3504.7,3211.2,6.26,MILD DIP,6259,7.195,2.69,100.0,2.85,2,25,8126.9,54.2,True,False,False,False,False,素材,Specialty Chemicals,半値,1,3333.3,2500.0,2000.0,1666.7,False
FRT,Federal Realty,配当貴族,105.55,107.19,-1.53,-7.373,-11.321,8.416,12.363,99.3,95.1,6.31,MILD DIP,13307,3.947,5.27,5.56,5.6,1,32,118.2,10.7,False,False,False,False,False,不動産,REIT - Retail,—,0,185.3,139.0,111.2,92.7,False
KVUE,Kenvue,配当貴族,17.51,18.35,-4.592,-10.256,-15.199,9.518,14.462,16.5,15.6,6.31,MILD DIP,696,4.944,5.91,1.03,6.28,2,22,24.6,28.9,False,False,False,False,False,生活必需品,Household & Personal Products,—,0,34.5,25.9,20.7,17.2,False
4507.T,塩野義製薬,Nikkei225,3367.0,3507.84,-4.015,-9.719,-14.822,10.694,15.797,3166.9,2987.9,6.32,MILD DIP,6518,5.103,1.82,61.33,1.94,13,15,3664.0,8.1,False,False,False,False,False,ヘルスケア,Drug Manufacturers - Specialty & Generic,—,0,2044.3,1533.2,1226.6,1022.2,False
6702.T,富士通,Nikkei225,3340.0,3584.56,-6.823,-12.367,-18.616,12.628,18.877,3141.3,2917.3,6.33,MILD DIP,6518,6.249,0.84,28.0,0.89,7,10,4636.0,28.0,False,False,False,False,False,テクノロジー,Information Technology Services,—,0,933.3,700.0,560.0,466.7,False
AMGN,Amgen,Dow30,351.48,373.46,-5.884,-11.519,-17.748,13.398,19.628,330.4,307.2,6.37,MILD DIP,10748,6.229,2.71,9.51,2.88,14,10,388.2,9.4,False,False,False,False,False,ヘルスケア,Drug Manufacturers - General,—,0,317.0,237.8,190.2,158.5,False
4901.T,富士フイルムHD,Nikkei225,2945.0,3047.88,-3.375,-9.263,-14.022,9.773,14.533,2765.5,2620.5,6.49,MILD DIP,6518,4.759,2.21,65.0,2.35,9,20,3867.9,23.9,False,False,False,False,False,資本財,Conglomerates,—,0,2166.7,1625.0,1300.0,1083.3,False
7272.T,ヤマハ発動機,Nikkei225,1101.0,1170.4,-5.93,-11.675,-17.743,12.598,18.666,1033.8,962.7,6.5,MILD DIP,6259,6.068,3.18,35.0,3.39,0,22,1530.3,28.1,False,False,False,False,False,一般消費財,Auto Manufacturers,—,0,1166.7,875.0,700.0,583.3,False
9532.T,大阪ガス,Nikkei225,6387.0,6446.16,-0.918,-6.993,-10.706,7.859,11.572,5995.4,5756.1,6.53,MILD DIP,6518,3.713,1.49,95.0,1.58,5,20,6737.0,5.2,False,False,False,False,False,公益,Utilities - Regulated Gas,—,0,3166.7,2375.0,1900.0,1583.3,False
AVGO,Broadcom,NASDAQ100,315.93,328.99,-3.97,-9.872,-15.653,13.253,19.034,296.5,277.5,6.55,MILD DIP,4155,5.781,0.75,2.37,0.8,6,20,412.2,23.4,False,False,True,False,False,テクノロジー,Semiconductors,月足陽転,1,79.0,59.2,47.4,39.5,False
SBUX,Starbucks,NASDAQ100,92.66,97.43,-4.898,-10.772,-16.607,12.566,18.4,86.9,81.3,6.58,MILD DIP,8466,5.835,2.64,2.45,2.82,15,15,112.8,17.9,False,False,False,False,False,一般消費財,Restaurants,—,0,81.7,61.2,49.0,40.8,False
MAR,Marriott,NASDAQ100,322.52,337.69,-4.494,-10.41,-15.932,11.678,17.199,302.5,283.9,6.6,MILD DIP,7017,5.522,0.81,2.62,0.87,4,15,359.2,10.2,False,False,False,False,False,一般消費財,Lodging,—,0,87.3,65.5,52.4,43.7,False
3088.T,マツキヨココカラ,Nikkei225,2433.5,2527.72,-3.727,-9.733,-14.875,10.835,15.976,2281.7,2151.7,6.65,MILD DIP,6256,5.142,1.81,44.0,1.93,4,15,3359.6,27.6,False,False,False,False,False,ヘルスケア,Pharmaceutical Retailers,—,0,1466.7,1100.0,880.0,733.3,False
4911.T,資生堂,Nikkei225,2985.5,3109.22,-3.979,-10.055,-15.214,10.583,15.743,2796.6,2636.2,6.75,MILD DIP,6518,5.159,1.34,40.0,1.43,0,25,8466.5,64.7,True,False,False,False,False,生活必需品,Household & Personal Products,半値,1,1333.3,1000.0,800.0,666.7,False
7205.T,日野自動車(注:代替),Nikkei225,395.0,426.76,-7.442,-13.351,-20.13,13.763,20.542,369.8,340.9,6.82,MILD DIP,6518,6.779,0.0,0.0,0.0,1,20,1616.8,75.6,True,False,False,False,False,資本財,Farm & Heavy Construction Machinery,半値,1,0.0,0.0,0.0,0.0,False
5333.T,日本ガイシ,Nikkei225,3976.0,4225.32,-5.901,-11.926,-18.128,12.883,19.085,3721.4,3459.4,6.84,MILD DIP,6518,6.202,1.51,60.0,1.61,1,10,4587.0,13.3,False,False,False,False,False,資本財,Specialty Industrial Machinery,—,0,2000.0,1500.0,1200.0,1000.0,False
1333.T,マルハニチロ,Nikkei225,1489.0,1503.48,-0.963,-7.31,-11.242,8.418,12.35,1393.6,1334.5,6.85,MILD DIP,2922,3.932,3.36,50.0,3.59,4,27,1585.5,6.1,False,False,False,False,False,生活必需品,Packaged Foods,—,0,1666.7,1250.0,1000.0,833.3,False
AEP,American Electric Power,NASDAQ100,130.97,131.17,-0.156,-6.598,-10.099,7.406,10.906,122.5,117.9,6.9,MILD DIP,16136,3.501,2.87,3.76,3.07,16,20,134.1,2.4,False,False,False,False,False,公益,Utilities - Regulated Electric,—,0,125.3,94.0,75.2,62.7,False
AFL,Aflac,配当貴族,107.92,111.99,-3.638,-9.91,-15.299,11.642,17.03,100.9,94.9,6.96,MILD DIP,11571,5.388,2.71,2.93,2.9,41,15,116.8,7.6,False,False,False,False,False,金融,Insurance - Life,—,0,97.7,73.2,58.6,48.8,False
PAYX,Paychex,NASDAQ100,90.64,93.63,-3.194,-9.492,-14.659,11.176,16.343,84.7,79.9,6.96,MILD DIP,10699,5.167,4.46,4.04,4.77,12,25,155.4,41.7,False,False,False,False,False,テクノロジー,Software - Application,—,0,134.7,101.0,80.8,67.3,False
8604.T,野村HD,Nikkei225,1218.5,1315.92,-7.403,-13.49,-20.292,13.716,20.518,1138.4,1048.9,7.04,MILD DIP,6518,6.802,4.68,57.0,5.01,3,40,1815.5,32.9,False,False,False,True,True,金融,Capital Markets,高配当／月足GC,2,1900.0,1425.0,1140.0,950.0,False
8253.T,クレディセゾン,Nikkei225,4229.0,4512.36,-6.28,-12.728,-19.258,13.389,19.918,3938.0,3643.4,7.39,MILD DIP,6518,6.529,2.84,120.0,3.05,4,15,4792.0,11.7,False,False,False,False,False,金融,Credit Services,—,0,4000.0,3000.0,2400.0,2000.0,False
DIS,Disney,Dow30,99.42,103.31,-3.766,-10.413,-15.934,11.671,17.193,92.6,86.8,7.42,MILD DIP,16136,5.521,1.01,1.0,1.08,2,20,197.3,49.6,False,False,False,False,False,通信,Entertainment,—,0,33.3,25.0,20.0,16.7,False
6841.T,横河電機,Nikkei225,5233.0,5549.24,-5.699,-12.234,-18.601,13.232,19.598,4870.3,4517.0,7.45,MILD DIP,6518,6.367,1.11,58.0,1.19,2,10,6245.0,16.2,False,False,False,False,False,資本財,Specialty Industrial Machinery,—,0,1933.3,1450.0,1160.0,966.7,False
8306.T,三菱UFJ FG,Nikkei225,2686.0,2808.64,-4.367,-11.087,-16.817,11.831,17.561,2497.2,2336.3,7.56,MILD DIP,5021,5.73,2.38,64.0,2.56,8,20,3085.0,12.9,False,False,False,False,False,金融,Banks - Diversified,—,0,2133.3,1600.0,1280.0,1066.7,False
6861.T,キーエンス,Nikkei225,59080.0,60704.01,-2.675,-9.523,-14.571,10.671,15.719,54923.3,51858.7,7.57,MILD DIP,6259,5.048,0.59,350.0,0.64,4,15,75603.7,21.9,False,False,False,False,False,テクノロジー,Scientific & Technical Instruments,—,0,11666.7,8750.0,7000.0,5833.3,False
3003.T,ヒューリック,Nikkei225,1861.5,1979.88,-5.979,-12.602,-19.16,13.631,20.189,1730.4,1600.5,7.58,MILD DIP,6255,6.558,2.79,52.0,3.01,13,15,2289.2,18.7,False,False,False,False,False,不動産,Real Estate Services,—,0,1733.3,1300.0,1040.0,866.7,False
6504.T,富士電機,Nikkei225,11150.0,11956.2,-6.743,-13.314,-20.218,14.298,21.201,10364.3,9538.9,7.58,MILD DIP,6518,6.903,1.43,160.0,1.54,5,10,13910.0,19.8,False,False,False,False,False,資本財,Electrical Equipment & Parts,—,0,5333.3,4000.0,3200.0,2666.7,False
4523.T,エーザイ,Nikkei225,4764.0,4966.04,-4.068,-10.877,-16.488,11.566,17.176,4425.9,4147.2,7.64,MILD DIP,6518,5.611,3.36,160.0,3.62,0,37,11314.4,57.9,True,False,False,False,False,ヘルスケア,Drug Manufacturers - Specialty & Generic,半値,1,5333.3,4000.0,3200.0,2666.7,False
5020.T,ENEOS HD,Nikkei225,1367.5,1412.88,-3.212,-10.099,-15.327,10.816,16.045,1270.2,1196.3,7.66,MILD DIP,6259,5.229,1.9,26.0,2.05,2,15,1544.0,11.4,False,False,False,False,False,エネルギー,Oil & Gas Refining & Marketing,—,0,866.7,650.0,520.0,433.3,False
8725.T,MS&ADインシュアランスG,Nikkei225,4028.0,4162.56,-3.233,-10.148,-15.491,11.223,16.566,3740.1,3517.7,7.7,MILD DIP,4390,5.343,3.6,145.0,3.88,7,27,4376.0,8.0,False,False,False,False,False,金融,Insurance - Property & Casualty,—,0,4833.3,3625.0,2900.0,2416.7,False
7733.T,オリンパス,Nikkei225,1374.0,1465.2,-6.224,-12.988,-19.676,13.765,20.454,1274.9,1176.9,7.77,MILD DIP,6518,6.688,1.46,20.0,1.57,7,20,3097.5,55.6,True,False,False,False,False,ヘルスケア,Medical Devices,半値,1,666.7,500.0,400.0,333.3,False
5334.T,日本特殊陶業,Nikkei225,7276.0,7590.24,-4.14,-11.085,-16.867,12.044,17.826,6748.9,6310.0,7.81,MILD DIP,6259,5.782,1.86,135.0,2.0,5,15,8040.0,9.5,False,False,False,False,False,一般消費財,Auto Parts,—,0,4500.0,3375.0,2700.0,2250.0,False
ATO,Atmos Energy,配当貴族,185.25,183.17,1.135,-6.212,-9.614,7.394,10.796,171.8,165.6,7.83,NEUTRAL,10614,3.402,2.49,4.61,2.68,28,20,188.6,1.8,False,False,False,False,False,公益,Utilities - Regulated Gas,—,0,153.7,115.2,92.2,76.8,False
8697.T,日本取引所G,Nikkei225,1842.0,1935.88,-4.849,-11.782,-18.152,13.702,20.073,1707.8,1584.5,7.86,MILD DIP,4281,6.371,2.47,45.5,2.66,2,20,2149.0,14.3,False,False,False,True,False,金融,Financial Data & Stock Exchanges,月足GC,1,1516.7,1137.5,910.0,758.3,False
3349.T,コスモス薬品,Nikkei225,6631.0,6928.6,-4.295,-11.275,-17.312,12.87,18.907,6147.4,5729.1,7.87,MILD DIP,5251,6.036,0.0,0.0,0.0,7,15,9940.4,33.3,False,False,False,False,False,ヘルスケア,Pharmaceutical Retailers,—,0,0.0,0.0,0.0,0.0,False
1963.T,日揮HD,Nikkei225,2133.5,2265.7,-5.835,-12.712,-19.341,13.806,20.435,1977.7,1827.5,7.88,MILD DIP,6518,6.629,1.87,40.0,2.02,0,20,3450.9,38.2,False,False,False,True,False,資本財,Engineering & Construction,月足GC,1,1333.3,1000.0,800.0,666.7,False
LIN,Linde,NASDAQ100,488.57,490.15,-0.322,-7.663,-11.851,9.092,13.281,452.6,432.1,7.95,MILD DIP,8473,4.189,1.23,6.02,1.33,33,15,507.6,3.8,False,False,False,False,False,素材,Specialty Chemicals,—,0,200.7,150.5,120.4,100.3,False
5406.T,神戸製鋼所,Nikkei225,2006.0,2152.18,-6.792,-13.656,-20.68,14.441,21.465,1858.3,1707.1,7.95,MILD DIP,6518,7.024,4.99,100.0,5.38,5,40,3249.6,38.3,False,False,False,True,True,素材,Steel,高配当／月足GC,2,3333.3,2500.0,2000.0,1666.7,False
8830.T,住友不動産,Nikkei225,4678.0,4979.52,-6.055,-13.027,-19.923,14.557,21.453,4330.8,3987.5,8.02,MILD DIP,6518,6.896,0.75,35.0,0.81,9,10,5341.0,12.4,False,False,False,False,False,不動産,Real Estate Services,—,0,1166.7,875.0,700.0,583.3,False
7951.T,ヤマハ,Nikkei225,1107.5,1156.22,-4.214,-11.345,-17.235,12.216,18.106,1025.0,956.9,8.04,MILD DIP,6518,5.89,2.29,25.33,2.47,3,30,2304.9,51.9,True,False,False,False,False,一般消費財,Leisure,半値,1,844.3,633.2,506.6,422.2,False
WST,West Pharma,配当貴族,239.0,244.18,-2.123,-9.403,-14.465,10.847,15.909,221.2,208.9,8.04,MILD DIP,11571,5.062,0.45,1.07,0.48,33,20,466.0,48.7,False,False,False,False,False,ヘルスケア,Medical Instruments & Supplies,—,0,35.7,26.8,21.4,17.8,False
7309.T,シマノ,Nikkei225,16340.0,16608.0,-1.614,-9.034,-13.794,10.003,14.763,15107.6,14317.1,8.16,MILD DIP,6256,4.759,1.81,295.0,1.95,4,25,33410.8,51.1,True,False,False,False,False,一般消費財,Leisure,半値,1,9833.3,7375.0,5900.0,4916.7,False
7752.T,リコー,Nikkei225,1358.5,1409.56,-3.622,-10.907,-16.448,11.258,16.799,1255.8,1177.7,8.18,MILD DIP,6691,5.541,2.8,38.0,3.03,4,20,1792.1,24.2,False,False,False,False,False,資本財,Business Equipment & Supplies,—,0,1266.7,950.0,760.0,633.3,False
COST,Costco,NASDAQ100,979.92,997.43,-1.756,-9.21,-14.147,10.538,15.475,905.6,856.3,8.21,MILD DIP,9976,4.937,0.92,8.98,0.99,1,15,1071.0,8.5,False,False,False,False,False,生活必需品,Discount Stores,—,0,299.3,224.5,179.6,149.7,False
9503.T,関西電力,Nikkei225,2582.0,2648.18,-2.499,-9.953,-15.051,10.441,15.54,2384.6,2249.6,8.28,MILD DIP,6518,5.098,2.32,60.0,2.52,2,20,2823.0,8.5,False,False,False,False,False,公益,Utilities - Renewable,—,0,2000.0,1500.0,1200.0,1000.0,False
JPM,JPMorgan Chase,Dow30,287.74,297.16,-3.17,-10.585,-16.204,11.891,17.51,265.7,249.0,8.29,MILD DIP,11571,5.619,2.01,5.78,2.18,15,15,334.6,14.0,False,False,False,False,False,金融,Banks - Diversified,—,0,192.7,144.5,115.6,96.3,False
2914.T,JT,Nikkei225,5847.0,5876.16,-0.496,-8.125,-12.453,9.186,13.514,5398.7,5144.4,8.3,MILD DIP,6518,4.328,4.0,234.0,4.33,1,35,6140.0,4.8,False,False,False,False,True,生活必需品,Tobacco,高配当,1,7800.0,5850.0,4680.0,3900.0,False
9735.T,セコム,Nikkei225,5977.0,5992.04,-0.251,-7.911,-11.947,8.231,12.267,5518.0,5276.2,8.32,MILD DIP,6518,4.036,1.63,97.5,1.77,1,15,6200.0,3.6,False,False,False,False,False,資本財,Security & Protection Services,—,0,3250.0,2437.5,1950.0,1625.0,False
WDAY,Workday,NASDAQ100,132.29,139.11,-4.902,-12.221,-18.563,13.149,19.491,122.1,113.3,8.34,MILD DIP,3351,6.342,0.0,0.0,0.0,0,25,307.2,56.9,True,False,True,False,False,テクノロジー,Software - Application,半値／月足陽転,2,0.0,0.0,0.0,0.0,False
3099.T,三越伊勢丹HD,Nikkei225,2832.5,2977.36,-4.865,-12.222,-18.487,12.84,19.106,2613.5,2426.9,8.38,MILD DIP,6259,6.266,1.91,54.0,2.07,3,10,3501.9,19.1,False,False,False,False,False,一般消費財,Department Stores,—,0,1800.0,1350.0,1080.0,900.0,False
TRV,Travelers,Dow30,299.25,302.81,-1.175,-8.852,-13.529,9.854,14.53,276.0,261.8,8.42,MILD DIP,12664,4.676,1.46,4.36,1.58,20,15,310.9,3.7,False,False,False,False,False,金融,Insurance - Property & Casualty,—,0,145.3,109.0,87.2,72.7,False
META,Meta Platforms,NASDAQ100,615.68,644.81,-4.518,-11.956,-18.524,14.318,20.886,567.7,525.4,8.45,MILD DIP,3453,6.568,0.34,2.1,0.37,1,10,788.1,21.9,False,False,False,False,False,通信,Internet Content & Information,—,0,70.0,52.5,42.0,35.0,False
3231.T,野村不動産HD,Nikkei225,1052.5,1099.52,-4.276,-11.733,-17.735,12.276,18.279,970.5,904.5,8.45,MILD DIP,4758,6.002,3.8,40.0,4.12,15,22,1162.5,9.5,False,False,False,False,False,不動産,Real Estate Services,—,0,1333.3,1000.0,800.0,666.7,False
8795.T,T&D HD,Nikkei225,3735.0,3934.32,-5.066,-12.473,-18.874,13.129,19.529,3443.6,3191.8,8.46,MILD DIP,5411,6.4,2.14,80.0,2.32,5,15,4214.0,11.4,False,False,False,False,False,金融,Insurance - Life,—,0,2666.7,2000.0,1600.0,1333.3,False
ED,Con Edison,配当貴族,113.53,112.13,1.253,-6.648,-10.218,7.633,11.203,104.7,100.7,8.46,NEUTRAL,16136,3.57,3.78,4.29,4.1,37,25,115.5,1.7,False,False,False,False,False,公益,Utilities - Regulated Electric,—,0,142.9,107.2,85.8,71.5,False
MSFT,Microsoft,Dow30,391.79,399.98,-2.048,-9.728,-15.154,11.974,17.4,361.1,339.4,8.51,MILD DIP,10057,5.426,0.85,3.33,0.92,20,15,539.8,27.4,False,False,False,False,False,テクノロジー,Software - Infrastructure,—,0,111.0,83.2,66.6,55.5,False
BKR,Baker Hughes,NASDAQ100,57.48,60.77,-5.409,-12.844,-19.458,13.609,20.222,53.0,48.9,8.53,MILD DIP,9788,6.613,1.62,0.93,1.76,4,10,65.3,11.9,False,False,False,False,False,エネルギー,Oil & Gas Equipment & Services,—,0,31.0,23.2,18.6,15.5,False
AWK,American Water Works,配当貴族,136.75,134.37,1.771,-6.293,-9.759,7.572,11.038,125.9,121.3,8.61,NEUTRAL,4480,3.466,2.98,4.08,3.24,12,20,172.5,20.7,False,False,False,False,False,公益,Utilities - Regulated Water,—,0,135.9,101.9,81.5,68.0,False
5332.T,TOTO,Nikkei225,5721.0,5896.08,-2.969,-10.702,-16.272,11.575,17.145,5265.1,4936.7,8.66,MILD DIP,6518,5.569,1.75,100.0,1.9,0,15,6532.0,12.4,False,False,False,False,False,資本財,Building Products & Equipment,—,0,3333.3,2500.0,2000.0,1666.7,False
8630.T,SOMPOホールディングス,Nikkei225,5851.0,5932.32,-1.371,-9.237,-14.247,10.804,15.815,5384.4,5087.1,8.67,MILD DIP,3901,5.01,2.26,132.0,2.45,9,20,6245.0,6.3,False,False,False,False,False,金融,Insurance - Property & Casualty,—,0,4400.0,3300.0,2640.0,2200.0,False
GFS,GlobalFoundries,NASDAQ100,42.47,46.43,-8.537,-15.842,-23.641,15.355,23.154,39.1,35.5,8.68,MILD DIP,1076,7.799,0.0,0.0,0.0,0,15,78.9,46.2,False,False,False,False,False,テクノロジー,Semiconductors,—,0,0.0,0.0,0.0,0.0,False
6952.T,カシオ計算機,Nikkei225,1445.5,1509.08,-4.213,-11.868,-17.948,12.449,18.528,1330.0,1238.2,8.69,MILD DIP,6518,6.079,3.11,45.0,3.38,0,32,2105.4,31.3,False,False,False,True,False,テクノロジー,Consumer Electronics,月足GC,1,1500.0,1125.0,900.0,750.0,False
4684.T,オービック(注:代替),Nikkei225,3935.0,3985.08,-1.257,-9.278,-14.168,10.282,15.172,3615.3,3420.5,8.84,MILD DIP,6259,4.89,0.0,0.0,0.0,14,15,5571.3,29.4,False,False,False,False,False,テクノロジー,Software - Application,—,0,0.0,0.0,0.0,0.0,False
8601.T,大和証券G,Nikkei225,1477.0,1546.34,-4.484,-12.307,-18.561,12.708,18.961,1356.0,1259.3,8.92,MILD DIP,6518,6.254,3.79,56.0,4.13,3,22,1674.0,11.8,False,False,False,False,False,金融,Capital Markets,—,0,1866.7,1400.0,1120.0,933.3,False
4502.T,武田薬品,Nikkei225,5768.0,5718.68,0.862,-7.416,-11.218,7.792,11.594,5294.6,5077.2,8.94,NEUTRAL,6518,3.802,3.4,196.0,3.7,3,32,5870.0,1.7,False,False,False,False,False,ヘルスケア,Drug Manufacturers - Specialty & Generic,—,0,6533.3,4900.0,3920.0,3266.7,False
CB,Chubb,配当貴族,327.98,330.68,-0.818,-8.956,-13.763,10.27,15.077,301.1,285.2,8.94,MILD DIP,8278,4.807,0.87,2.85,0.95,0,15,341.8,4.0,False,False,False,False,False,金融,Insurance - Property & Casualty,—,0,95.0,71.2,57.0,47.5,False
6758.T,ソニーG,Nikkei225,3271.0,3429.12,-4.611,-12.468,-18.791,12.826,19.149,3001.6,2784.7,8.98,MILD DIP,6518,6.323,0.61,20.0,0.67,10,15,4700.0,30.4,False,False,False,False,False,テクノロジー,Consumer Electronics,—,0,666.7,500.0,400.0,333.3,False
8252.T,丸井グループ,Nikkei225,3030.0,3124.6,-3.028,-11.028,-16.698,11.649,17.318,2780.0,2602.9,8.99,MILD DIP,6518,5.669,3.5,106.0,3.81,5,27,3276.8,7.5,False,False,False,False,False,金融,Credit Services,—,0,3533.3,2650.0,2120.0,1766.7,False
6098.T,リクルートHD,Nikkei225,6332.0,6534.32,-3.096,-11.138,-17.128,12.82,18.809,5806.5,5415.1,9.05,MILD DIP,2787,5.989,0.38,24.0,0.41,4,20,11665.4,45.7,False,False,False,False,False,通信,Internet Content & Information,—,0,800.0,600.0,480.0,400.0,False
6762.T,TDK,Nikkei225,2127.5,2238.64,-4.965,-12.883,-19.51,13.623,20.249,1950.2,1801.9,9.09,MILD DIP,6518,6.626,1.41,30.0,1.54,8,10,2673.0,20.4,False,False,False,False,False,テクノロジー,Electronic Components,—,0,1000.0,750.0,600.0,500.0,False
2267.T,ヤクルト,Nikkei225,2581.5,2607.04,-0.98,-9.255,-14.065,9.984,14.793,2365.8,2240.4,9.12,MILD DIP,6259,4.81,2.01,52.0,2.2,8,25,4929.4,47.6,False,False,False,False,False,生活必需品,Beverages - Non-Alcoholic,—,0,1733.3,1300.0,1040.0,866.7,False
9024.T,西武HD(注:代替),Nikkei225,4280.0,4414.12,-3.038,-11.195,-17.018,12.096,17.918,3919.9,3662.9,9.19,MILD DIP,2906,5.823,0.0,0.0,0.0,1,15,5771.0,25.8,False,False,False,False,False,資本財,Conglomerates,—,0,0.0,0.0,0.0,0.0,False
TMUS,T-Mobile,NASDAQ100,206.62,215.98,-4.334,-12.383,-18.807,13.314,19.738,189.2,175.4,9.19,MILD DIP,4735,6.424,1.78,3.68,1.94,2,10,268.2,23.0,False,False,False,False,False,通信,Telecom Services,—,0,122.7,92.0,73.6,61.3,False
8804.T,東京建物,Nikkei225,3812.0,4070.52,-6.351,-14.282,-21.773,15.681,23.171,3489.2,3184.3,9.25,MILD DIP,6259,7.491,2.75,105.0,3.01,12,15,4374.0,12.8,False,False,False,False,False,不動産,Real Estate Services,—,0,3500.0,2625.0,2100.0,1750.0,False
9984.T,ソフトバンクG,Nikkei225,3558.0,4009.64,-11.264,-18.811,-28.43,19.661,29.279,3255.4,2869.7,9.3,MILD DIP,6518,9.618,0.31,11.0,0.34,0,15,6828.8,47.9,False,False,False,False,False,通信,Telecom Services,—,0,366.7,275.0,220.0,183.3,False
8309.T,三井住友トラストHD,Nikkei225,5037.0,5280.32,-4.608,-12.735,-19.349,13.718,20.331,4607.8,4258.6,9.31,MILD DIP,6259,6.613,3.08,155.0,3.36,5,22,5770.0,12.7,False,False,False,False,False,金融,Banks - Regional,—,0,5166.7,3875.0,3100.0,2583.3,False
9502.T,中部電力,Nikkei225,2570.5,2558.66,0.463,-8.102,-12.274,8.587,12.759,2351.4,2244.6,9.32,NEUTRAL,6518,4.172,2.33,60.0,2.55,2,20,2686.5,4.3,False,False,False,False,False,公益,Utilities - Diversified,—,0,2000.0,1500.0,1200.0,1000.0,False
8035.T,東京エレクトロン,Nikkei225,39330.0,41767.2,-5.835,-13.972,-21.259,15.177,22.464,35931.7,32888.0,9.46,MILD DIP,6518,7.287,1.51,592.0,1.65,2,10,46230.0,14.9,False,False,False,False,False,テクノロジー,Semiconductor Equipment & Materials,—,0,19733.3,14800.0,11840.0,9866.7,False
EXC,Exelon,NASDAQ100,49.25,48.45,1.658,-7.138,-10.963,8.163,11.988,45.0,43.1,9.47,NEUTRAL,13308,3.825,3.29,1.62,3.6,4,25,50.3,2.1,False,False,False,False,False,公益,Utilities - Regulated Electric,—,0,54.0,40.5,32.4,27.0,False
9301.T,三菱倉庫,Nikkei225,1355.5,1382.32,-1.94,-10.435,-15.848,11.217,16.63,1238.1,1163.3,9.48,MILD DIP,6518,5.413,3.17,43.0,3.47,5,27,1446.0,6.3,False,False,False,False,False,資本財,Integrated Freight & Logistics,—,0,1433.3,1075.0,860.0,716.7,False
CSGP,CoStar Group,NASDAQ100,43.11,46.31,-6.917,-14.978,-22.87,16.591,24.483,39.4,35.7,9.48,MILD DIP,6947,7.892,0.0,0.0,0.0,0,20,99.7,56.8,True,False,False,False,False,不動産,Real Estate Services,半値,1,0.0,0.0,0.0,0.0,False
7741.T,HOYA,Nikkei225,27800.0,27936.0,-0.487,-9.216,-14.132,10.448,15.364,25361.5,23988.1,9.62,MILD DIP,6259,4.916,0.58,160.0,0.63,1,15,29205.0,4.8,False,False,False,False,False,ヘルスケア,Medical Instruments & Supplies,—,0,5333.3,4000.0,3200.0,2666.7,False
4324.T,電通G,Nikkei225,2770.0,2841.82,-2.527,-11.106,-16.734,11.406,17.034,2526.2,2366.3,9.65,MILD DIP,6020,5.628,0.0,0.0,0.0,0,25,5562.3,50.2,True,False,False,False,False,通信,Advertising Agencies,半値,1,0.0,0.0,0.0,0.0,False
8002.T,丸紅,Nikkei225,5495.0,5698.32,-3.568,-12.073,-18.465,13.497,19.889,5010.4,4646.1,9.67,MILD DIP,6518,6.392,1.73,95.0,1.9,5,10,6301.0,12.8,False,False,False,False,False,資本財,Conglomerates,—,0,3166.7,2375.0,1900.0,1583.3,False
IBM,IBM,Dow30,251.6,250.12,0.59,-8.355,-12.748,9.219,13.612,229.2,218.2,9.76,NEUTRAL,16136,4.393,2.67,6.72,2.93,30,15,313.2,19.7,False,False,False,False,False,テクノロジー,Information Technology Services,—,0,224.0,168.0,134.4,112.0,False
APD,Air Products,配当貴族,281.42,280.64,0.28,-8.652,-13.274,9.835,14.457,256.4,243.4,9.78,NEUTRAL,11571,4.622,3.17,8.93,3.48,1,20,329.3,14.5,False,False,False,False,False,素材,Specialty Chemicals,—,0,297.7,223.2,178.6,148.8,False
TGT,Target,配当貴族,115.05,116.73,-1.441,-10.233,-15.68,11.556,17.003,104.8,98.4,9.79,MILD DIP,13357,5.447,4.92,5.66,5.4,42,37,232.7,50.6,True,False,False,False,False,生活必需品,Discount Stores,半値,1,188.7,141.5,113.2,94.3,False
CTSH,Cognizant,NASDAQ100,60.29,63.85,-5.569,-14.02,-21.565,16.159,23.704,54.9,50.1,9.83,MILD DIP,6955,7.545,2.06,1.24,2.26,6,15,88.8,32.1,False,False,False,False,False,テクノロジー,Information Technology Services,—,0,41.3,31.0,24.8,20.7,False
EXPD,Expeditors Intl,配当貴族,144.62,145.99,-0.935,-9.893,-15.281,11.656,17.043,131.5,123.7,9.94,MILD DIP,10425,5.387,1.57,2.27,1.73,29,15,165.0,12.4,False,False,False,False,False,資本財,Integrated Freight & Logistics,—,0,75.7,56.8,45.4,37.8,False
FAST,Fastenal,NASDAQ100,45.08,45.99,-1.98,-10.854,-16.797,12.921,18.865,41.0,38.3,9.95,MILD DIP,9693,5.944,1.95,0.88,2.15,1,15,49.9,9.6,False,False,False,False,False,資本財,Industrial Distribution,—,0,29.3,22.0,17.6,14.7,False
ADBE,Adobe,NASDAQ100,246.0,263.16,-6.52,-14.98,-22.973,16.992,24.985,223.7,202.7,9.95,MILD DIP,9951,7.993,0.01,0.03,0.01,0,20,688.4,64.3,True,False,False,False,False,テクノロジー,Software - Application,半値,1,1.1,0.8,0.7,0.5,False
SPGI,S&P Global,配当貴族,426.64,426.12,0.122,-9.015,-13.876,10.431,15.292,387.7,367.0,10.04,NEUTRAL,13357,4.861,1.13,4.81,1.24,12,5,560.8,23.9,False,False,False,False,False,金融,Financial Data & Stock Exchanges,—,0,160.3,120.2,96.2,80.2,False
6503.T,三菱電機,Nikkei225,5483.0,5621.48,-2.463,-11.395,-17.36,12.465,18.43,4980.9,4645.6,10.08,MILD DIP,6518,5.965,0.91,50.0,1.0,3,5,5994.0,8.5,False,False,False,False,False,資本財,Electrical Equipment & Parts,—,0,1666.7,1250.0,1000.0,833.3,False
1808.T,長谷工,Nikkei225,2940.0,3196.64,-8.028,-16.463,-24.983,17.617,26.137,2670.4,2398.0,10.1,MILD DIP,6259,8.52,2.89,85.0,3.18,2,5,3497.0,15.9,False,False,False,False,False,一般消費財,Residential Construction,—,0,2833.3,2125.0,1700.0,1416.7,False
GILD,Gilead,NASDAQ100,141.29,147.61,-4.28,-13.066,-20.063,14.921,21.918,128.3,118.0,10.11,MILD DIP,8575,6.997,2.24,3.17,2.47,10,0,154.9,8.8,False,False,False,False,False,ヘルスケア,Drug Manufacturers - General,—,0,105.7,79.2,63.4,52.8,False
6367.T,ダイキン工業,Nikkei225,19370.0,19614.4,-1.246,-10.362,-15.837,11.54,17.016,17582.0,16508.0,10.17,MILD DIP,6518,5.475,1.7,330.0,1.88,0,15,30046.5,35.5,False,False,False,True,False,資本財,Building Products & Equipment,月足GC,1,11000.0,8250.0,6600.0,5500.0,False
7004.T,日立造船(注:代替),Nikkei225,984.0,1040.76,-5.454,-14.2,-21.41,14.641,21.851,893.0,817.9,10.19,MILD DIP,6518,7.21,2.54,25.0,2.8,3,5,1291.7,23.8,False,False,False,False,False,資本財,Pollution & Treatment Controls,—,0,833.3,625.0,500.0,416.7,False
GOOG,Alphabet C,NASDAQ100,306.3,306.45,-0.049,-9.342,-14.572,11.575,16.804,277.8,261.8,10.25,MILD DIP,5405,5.229,0.27,0.82,0.3,1,5,344.7,11.1,False,False,False,False,False,通信,Internet Content & Information,—,0,27.3,20.5,16.4,13.7,False
4716.T,日本オラクル(注:代替),Nikkei225,9206.0,9391.2,-1.972,-11.198,-16.835,11.346,16.982,8339.5,7810.2,10.39,MILD DIP,6256,5.636,0.0,0.0,0.0,0,10,17805.0,48.3,False,False,False,False,False,テクノロジー,Software - Infrastructure,—,0,0.0,0.0,0.0,0.0,False
4061.T,デンカ,Nikkei225,3280.0,3334.2,-1.626,-10.897,-16.514,11.568,17.184,2970.9,2783.6,10.41,MILD DIP,6518,5.616,3.05,100.0,3.37,1,17,3803.8,13.8,False,False,False,False,False,素材,Chemicals,—,0,3333.3,2500.0,2000.0,1666.7,False
2531.T,宝HD,Nikkei225,1528.5,1562.46,-2.173,-11.407,-17.146,11.55,17.289,1384.2,1294.6,10.42,MILD DIP,6518,5.739,1.31,20.0,1.44,1,10,2208.3,30.8,False,False,False,False,False,生活必需品,Beverages - Brewers,—,0,666.7,500.0,400.0,333.3,False
6724.T,セイコーエプソン,Nikkei225,1951.5,2043.44,-4.499,-13.546,-20.359,13.705,20.517,1766.6,1627.4,10.46,MILD DIP,6259,6.813,3.79,74.0,4.19,0,17,2816.3,30.7,False,False,False,False,False,テクノロジー,Computer Hardware,—,0,2466.7,1850.0,1480.0,1233.3,False
8308.T,りそなHD,Nikkei225,1767.5,1857.78,-4.86,-13.881,-20.817,13.864,20.8,1599.9,1471.0,10.48,MILD DIP,6518,6.936,1.41,25.0,1.56,3,15,3831.3,53.9,True,False,False,True,False,金融,Banks - Regional,半値／月足GC,2,833.3,625.0,500.0,416.7,False
6501.T,日立製作所,Nikkei225,4849.0,4944.28,-1.927,-11.248,-17.052,11.968,17.772,4388.2,4101.2,10.5,MILD DIP,6518,5.804,0.89,43.0,0.98,7,5,5818.0,16.7,False,False,False,False,False,資本財,Conglomerates,—,0,1433.3,1075.0,860.0,716.7,False
7013.T,IHI,Nikkei225,3769.0,3996.68,-5.697,-14.66,-22.376,16.202,23.918,3410.8,3102.4,10.5,MILD DIP,6518,7.716,0.45,17.14,0.5,1,0,4500.0,16.2,False,False,False,False,False,資本財,Specialty Industrial Machinery,—,0,571.3,428.5,342.8,285.7,False
3086.T,Jフロント,Nikkei225,2429.5,2514.58,-3.383,-12.649,-19.196,13.54,20.087,2196.5,2031.9,10.61,MILD DIP,6518,6.547,2.14,52.0,2.37,3,5,2726.7,10.9,False,False,False,False,False,一般消費財,Department Stores,—,0,1733.3,1300.0,1040.0,866.7,False
5541.T,大平洋金属(注:代替),Nikkei225,2904.0,3185.28,-8.831,-17.577,-26.543,18.287,27.253,2625.4,2339.8,10.61,MILD DIP,6259,8.966,0.0,0.0,0.0,2,15,18419.9,84.2,True,False,False,True,False,素材,Other Industrial Metals & Mining,半値／月足GC,2,0.0,0.0,0.0,0.0,False
4578.T,大塚HD,Nikkei225,10720.0,10511.04,1.988,-7.806,-12.046,9.153,13.393,9690.5,9244.9,10.62,NEUTRAL,3729,4.24,1.31,140.0,1.44,3,5,11120.0,3.6,False,False,False,False,False,ヘルスケア,Drug Manufacturers - General,—,0,4666.7,3500.0,2800.0,2333.3,False
6753.T,シャープ,Nikkei225,579.0,625.27,-7.4,-16.348,-24.299,15.455,23.406,523.1,473.3,10.7,MILD DIP,6518,7.951,0.0,0.0,0.0,2,10,20524.6,97.2,True,False,False,False,False,テクノロジー,Consumer Electronics,半値,1,0.0,0.0,0.0,0.0,False
GOOGL,Alphabet A,NASDAQ100,307.69,306.57,0.364,-9.348,-14.58,11.579,16.811,277.9,261.9,10.71,NEUTRAL,5405,5.232,0.27,0.82,0.3,1,5,343.4,10.4,False,False,False,False,False,通信,Internet Content & Information,—,0,27.3,20.5,16.4,13.7,False
VRSK,Verisk Analytics,NASDAQ100,204.39,197.18,3.655,-6.505,-10.071,7.757,11.323,184.4,177.3,10.87,NEUTRAL,4112,3.566,0.88,1.8,0.98,6,15,318.8,35.9,False,False,False,False,False,資本財,Consulting Services,—,0,60.0,45.0,36.0,30.0,False
4755.T,楽天グループ,Nikkei225,746.9,814.0,-8.243,-17.311,-26.04,17.606,26.336,673.1,602.0,10.97,MILD DIP,6442,8.729,0.0,0.0,0.0,0,10,2277.9,67.2,True,False,False,False,False,一般消費財,Internet Retail,半値,1,0.0,0.0,0.0,0.0,False
4568.T,第一三共,Nikkei225,2903.0,2911.64,-0.297,-10.172,-15.505,11.159,16.492,2615.5,2460.2,10.99,MILD DIP,6518,5.333,2.07,60.0,2.29,6,20,5990.6,51.5,True,False,False,False,False,ヘルスケア,Drug Manufacturers - General,半値,1,2000.0,1500.0,1200.0,1000.0,False
4543.T,テルモ,Nikkei225,2039.0,2026.08,0.638,-9.349,-14.235,10.197,15.083,1836.7,1737.7,11.02,NEUTRAL,6518,4.886,1.28,26.0,1.42,15,10,3126.2,34.8,False,False,False,False,False,ヘルスケア,Medical Instruments & Supplies,—,0,866.7,650.0,520.0,433.3,False
XOM,ExxonMobil,配当貴族,157.59,151.58,3.967,-6.359,-9.828,7.519,10.989,141.9,136.7,11.03,NEUTRAL,16136,3.47,3.19,5.03,3.54,42,15,158.8,0.8,False,False,False,False,False,エネルギー,Oil & Gas Integrated,—,0,167.7,125.8,100.6,83.8,False
9983.T,ファーストリテイリング,Nikkei225,63430.0,66000.12,-3.894,-13.508,-20.631,14.983,22.105,57084.7,52383.7,11.12,MILD DIP,6518,7.123,0.79,500.0,0.88,4,0,69030.0,8.1,False,False,False,False,False,一般消費財,Apparel Retail,—,0,16666.7,12500.0,10000.0,8333.3,False
ALB,Albemarle,配当貴族,165.83,170.04,-2.473,-12.259,-18.711,13.547,19.999,149.2,138.2,11.15,MILD DIP,8047,6.452,1.22,2.03,1.36,23,10,309.9,46.5,False,False,False,True,False,素材,Specialty Chemicals,月足GC,1,67.5,50.6,40.5,33.8,False
GD,General Dynamics,配当貴族,353.36,353.82,-0.13,-10.318,-15.791,11.577,17.051,317.3,297.9,11.36,MILD DIP,16136,5.474,2.1,7.42,2.34,12,5,367.4,3.8,False,False,False,False,False,資本財,Aerospace & Defense,—,0,247.3,185.5,148.4,123.7,False
CSCO,Cisco,Dow30,77.6,78.58,-1.247,-11.334,-17.53,13.45,19.645,69.7,64.8,11.38,MILD DIP,9062,6.196,2.1,1.63,2.34,14,0,86.8,10.6,False,False,False,False,False,テクノロジー,Communication Equipment,—,0,54.3,40.8,32.6,27.2,False
QCOM,Qualcomm,NASDAQ100,130.47,137.87,-5.369,-15.035,-23.022,16.913,24.9,117.1,106.1,11.38,MILD DIP,8601,7.987,2.67,3.48,2.97,23,5,218.4,40.3,False,False,False,False,False,テクノロジー,Semiconductors,—,0,116.0,87.0,69.6,58.0,False
7762.T,シチズン時計,Nikkei225,1703.0,1721.48,-1.073,-11.3,-17.117,11.966,17.783,1526.9,1426.8,11.53,MILD DIP,6518,5.817,1.29,22.0,1.44,4,5,1913.0,11.0,False,False,False,False,False,一般消費財,Footwear & Accessories,—,0,733.3,550.0,440.0,366.7,False
MELI,MercadoLibre,NASDAQ100,1690.26,1826.05,-7.436,-17.022,-26.164,19.548,28.691,1515.2,1348.3,11.55,MILD DIP,4656,9.143,0.04,0.75,0.05,0,5,2613.6,35.3,False,False,False,False,False,一般消費財,Internet Retail,—,0,25.0,18.8,15.0,12.5,False
MDB,MongoDB,NASDAQ100,268.52,304.29,-11.757,-20.909,-32.158,24.085,35.333,240.7,206.4,11.57,MILD DIP,2089,11.249,0.0,0.0,0.0,0,10,585.0,54.1,True,False,False,False,False,テクノロジー,Software - Infrastructure,半値,1,0.0,0.0,0.0,0.0,False
AAPL,Apple,Dow30,249.94,261.97,-4.592,-14.498,-22.233,16.441,24.176,224.0,203.7,11.59,MILD DIP,11383,7.735,0.4,1.01,0.45,14,0,285.9,12.6,False,False,False,False,False,テクノロジー,Consumer Electronics,—,0,33.7,25.2,20.2,16.8,False
9433.T,KDDI,Nikkei225,2667.0,2662.78,0.158,-10.307,-15.633,10.996,16.322,2388.3,2246.5,11.67,NEUTRAL,6518,5.326,2.72,72.5,3.04,1,10,2799.0,4.7,False,False,False,False,False,通信,Telecom Services,—,0,2416.7,1812.5,1450.0,1208.3,False
3092.T,ZOZO,Nikkei225,1081.0,1129.8,-4.319,-14.333,-22.079,16.649,24.395,967.9,880.4,11.69,MILD DIP,4462,7.746,3.3,35.67,3.69,6,17,1807.7,40.2,False,False,False,False,False,一般消費財,Internet Retail,—,0,1189.0,891.8,713.4,594.5,False
6723.T,ルネサスエレクトロニクス,Nikkei225,2505.5,2742.74,-8.65,-18.255,-27.388,18.279,27.413,2242.1,1991.5,11.75,MILD DIP,5591,9.134,1.12,28.0,1.25,0,10,9167.3,72.7,True,False,False,False,False,テクノロジー,Semiconductors,半値,1,933.3,700.0,560.0,466.7,False
6857.T,アドバンテスト,Nikkei225,23980.0,25621.0,-6.405,-16.306,-24.766,17.535,25.995,21443.3,19275.8,11.83,MILD DIP,6518,8.46,0.16,39.0,0.18,2,0,28615.0,16.2,False,False,False,False,False,テクノロジー,Semiconductor Equipment & Materials,—,0,1300.0,975.0,780.0,650.0,False
6146.T,ディスコ,Nikkei225,69580.0,72365.2,-3.849,-14.068,-21.52,15.74,23.192,62184.6,56791.9,11.89,MILD DIP,6259,7.452,0.59,413.0,0.66,2,0,80000.0,13.0,False,False,False,False,False,テクノロジー,Semiconductor Equipment & Materials,—,0,13766.7,10325.0,8260.0,6883.3,False
2768.T,双日,Nikkei225,6232.0,6521.0,-4.432,-14.717,-22.237,15.363,22.883,5561.3,5071.0,12.06,MILD DIP,6518,7.52,2.41,150.0,2.7,4,5,7080.0,12.0,False,False,False,False,False,資本財,Conglomerates,—,0,5000.0,3750.0,3000.0,2500.0,False
9432.T,NTT,Nikkei225,158.6,153.58,3.271,-7.937,-11.978,8.229,12.27,141.4,135.2,12.17,NEUTRAL,6518,4.041,3.28,5.2,3.68,22,22,179.0,11.4,False,False,True,False,False,通信,Telecom Services,月足陽転,1,173.3,130.0,104.0,86.7,False
ASML,ASML,NASDAQ100,1355.17,1411.22,-3.972,-14.485,-22.302,16.781,24.598,1206.8,1096.5,12.29,MILD DIP,7780,7.817,0.64,8.62,0.71,2,0,1526.5,11.2,False,False,False,False,False,テクノロジー,Semiconductor Equipment & Materials,—,0,287.3,215.5,172.4,143.7,False
ROP,Roper Technologies,NASDAQ100,350.79,345.32,1.584,-9.533,-14.695,11.114,16.275,312.4,294.6,12.29,NEUTRAL,8559,5.162,0.97,3.41,1.09,12,15,589.9,40.5,False,False,True,False,False,テクノロジー,Software - Application,月足陽転,1,113.7,85.2,68.2,56.8,False
FDS,FactSet,配当貴族,207.82,207.71,0.054,-10.925,-16.767,12.443,18.285,185.0,172.9,12.32,NEUTRAL,7453,5.842,2.62,5.44,2.94,20,15,486.5,57.3,True,False,False,False,False,金融,Financial Data & Stock Exchanges,半値,1,181.3,136.0,108.8,90.7,False
7012.T,川崎重工業,Nikkei225,16500.0,16976.2,-2.805,-13.576,-20.733,15.048,22.205,14671.4,13456.6,12.46,MILD DIP,5255,7.156,0.91,150.0,1.02,4,0,18375.0,10.2,False,False,False,False,False,資本財,Specialty Industrial Machinery,—,0,5000.0,3750.0,3000.0,2500.0,False
5711.T,三菱マテリアル,Nikkei225,5221.0,5307.48,-1.629,-12.561,-18.999,13.191,19.629,4640.8,4299.1,12.5,MILD DIP,6518,6.438,1.92,100.0,2.15,2,0,6103.0,14.5,False,False,False,False,False,素材,Other Industrial Metals & Mining,—,0,3333.3,2500.0,2000.0,1666.7,False
SNPS,Synopsys,NASDAQ100,428.67,430.95,-0.529,-11.586,-17.698,12.862,18.974,381.0,354.7,12.51,MILD DIP,8551,6.112,0.0,0.0,0.0,0,10,645.3,33.6,False,False,True,False,False,テクノロジー,Software - Infrastructure,月足陽転,1,0.0,0.0,0.0,0.0,False
WBD,Warner Bros Discovery,NASDAQ100,27.35,28.15,-2.854,-13.761,-20.867,14.659,21.764,24.3,22.3,12.65,MILD DIP,5182,7.105,0.0,0.0,0.0,0,15,77.3,64.6,True,False,False,True,False,通信,Entertainment,半値／月足GC,2,0.0,0.0,0.0,0.0,False
TEAM,Atlassian,NASDAQ100,73.47,78.05,-5.87,-16.554,-25.158,17.862,26.466,65.1,58.4,12.8,MILD DIP,2558,8.604,0.0,0.0,0.0,0,15,458.1,84.0,True,False,True,False,False,テクノロジー,Software - Application,半値／月足陽転,2,0.0,0.0,0.0,0.0,False
7011.T,三菱重工業,Nikkei225,4848.0,4852.72,-0.097,-11.649,-17.802,12.961,19.113,4287.4,3988.9,13.07,MILD DIP,6518,6.153,0.47,23.0,0.54,3,0,5195.0,6.7,False,False,False,False,False,資本財,Specialty Industrial Machinery,—,0,766.7,575.0,460.0,383.3,False
INTC,Intel,NASDAQ100,45.03,45.58,-1.197,-12.758,-19.479,14.127,20.849,39.8,36.7,13.25,MILD DIP,11571,6.721,1.39,0.62,1.57,0,0,62.1,27.5,False,False,False,False,False,テクノロジー,Semiconductors,—,0,20.8,15.6,12.5,10.4,False
5802.T,住友電気工業,Nikkei225,9948.0,9817.68,1.327,-10.794,-16.457,11.855,17.517,8757.9,8202.0,13.59,NEUTRAL,6518,5.662,0.98,97.0,1.11,2,5,10865.0,8.4,False,False,False,False,False,一般消費財,Auto Parts,—,0,3233.3,2425.0,1940.0,1616.7,False
4004.T,レゾナックHD,Nikkei225,11205.0,11288.8,-0.742,-12.701,-19.343,13.866,20.507,9855.0,9105.2,13.7,MILD DIP,6518,6.642,0.58,65.0,0.66,0,0,12540.0,10.6,False,False,False,False,False,素材,Chemicals,—,0,2166.7,1625.0,1300.0,1083.3,False
6981.T,村田製作所,Nikkei225,3748.0,3723.12,0.668,-11.461,-17.356,12.117,18.012,3296.4,3077.0,13.7,NEUTRAL,6256,5.895,1.52,57.0,1.73,5,5,4223.0,11.2,False,False,False,False,False,テクノロジー,Electronic Components,—,0,1900.0,1425.0,1140.0,950.0,False
6701.T,NEC,Nikkei225,4124.0,4179.08,-1.318,-13.212,-19.893,13.509,20.19,3626.9,3347.7,13.71,MILD DIP,6518,6.68,0.68,28.0,0.77,7,5,6074.0,32.1,False,False,False,False,False,テクノロジー,Information Technology Services,—,0,933.3,700.0,560.0,466.7,False
7735.T,SCREENホールディングス,Nikkei225,19895.0,20777.0,-4.245,-15.811,-24.074,17.242,25.505,17492.0,15775.1,13.74,MILD DIP,6259,8.263,1.55,308.0,1.76,1,0,23690.0,16.0,False,False,False,False,False,テクノロジー,Semiconductor Equipment & Materials,—,0,10266.7,7700.0,6160.0,5133.3,False
UNH,UnitedHealth,Dow30,284.33,284.68,-0.124,-12.186,-18.787,14.219,20.82,250.0,231.2,13.74,MILD DIP,10410,6.601,3.07,8.73,3.49,16,15,603.2,52.9,True,False,False,False,False,ヘルスケア,Healthcare Plans,半値,1,291.0,218.2,174.6,145.5,False
6976.T,太陽誘電,Nikkei225,4154.0,4375.76,-5.068,-16.582,-24.965,16.948,25.331,3650.2,3283.3,13.8,MILD DIP,6518,8.383,2.17,90.0,2.47,0,15,6896.5,39.8,False,False,False,True,False,テクノロジー,Electronic Components,月足GC,1,3000.0,2250.0,1800.0,1500.0,False
5706.T,三井金属鉱業,Nikkei225,31110.0,31799.4,-2.168,-14.242,-21.641,15.355,22.754,27270.5,24917.5,14.08,MILD DIP,6518,7.399,0.58,180.0,0.66,1,0,38680.0,19.6,False,False,False,False,False,資本財,Conglomerates,—,0,6000.0,4500.0,3600.0,3000.0,False
5214.T,日本電気硝子,Nikkei225,6329.0,6344.04,-0.237,-12.764,-19.315,13.443,19.994,5534.3,5118.7,14.36,MILD DIP,6259,6.552,2.37,150.0,2.71,2,5,7065.0,10.4,False,False,False,False,False,テクノロジー,Electronic Components,—,0,5000.0,3750.0,3000.0,2500.0,False
CVX,Chevron,Dow30,198.61,188.16,5.551,-7.723,-11.842,8.757,12.877,173.6,165.9,14.38,NEUTRAL,16136,4.12,3.46,6.87,3.96,38,10,198.6,0.0,False,False,False,False,False,エネルギー,Oil & Gas Integrated,—,0,229.0,171.8,137.4,114.5,False
4704.T,トレンドマイクロ,Nikkei225,5347.0,5402.8,-1.033,-13.565,-20.436,13.915,20.785,4669.9,4298.7,14.5,MILD DIP,6356,6.87,3.46,185.0,3.96,1,22,11526.0,53.6,True,False,False,False,False,テクノロジー,Software - Infrastructure,半値,1,6166.7,4625.0,3700.0,3083.3,False
9602.T,東宝,Nikkei225,1625.5,1553.81,4.614,-8.732,-13.294,9.517,14.08,1418.1,1347.2,14.62,NEUTRAL,6518,4.562,1.05,17.0,1.2,0,5,1937.7,16.1,False,False,False,False,False,通信,Entertainment,—,0,566.7,425.0,340.0,283.3,False
CDNS,Cadence Design,NASDAQ100,289.64,295.41,-1.953,-14.47,-22.091,16.016,23.638,252.7,230.1,14.63,MILD DIP,9743,7.622,0.0,0.0,0.0,0,0,373.4,22.4,False,False,False,False,False,テクノロジー,Software - Application,—,0,0.0,0.0,0.0,0.0,False
7003.T,三井E&S,Nikkei225,6719.0,7118.76,-5.616,-17.678,-26.842,18.979,28.144,5860.3,5208.0,14.65,MILD DIP,6518,9.164,1.19,80.0,1.37,2,0,8129.0,17.3,False,False,False,False,False,資本財,Aerospace & Defense,—,0,2666.7,2000.0,1600.0,1333.3,False
2413.T,エムスリー,Nikkei225,1608.0,1628.28,-1.245,-13.911,-21.288,15.594,22.97,1401.8,1281.7,14.71,MILD DIP,5291,7.376,1.31,21.0,1.5,0,10,10224.3,84.3,True,False,False,False,False,ヘルスケア,Health Information Services,半値,1,700.0,525.0,420.0,350.0,False
ISRG,Intuitive Surgical,NASDAQ100,477.73,492.41,-2.982,-15.456,-23.744,17.694,25.981,416.3,375.5,14.76,MILD DIP,6452,8.287,0.0,0.0,0.0,0,0,610.5,21.7,False,False,False,False,False,ヘルスケア,Medical Instruments & Supplies,—,0,0.0,0.0,0.0,0.0,False
VRTX,Vertex Pharma,NASDAQ100,451.59,475.03,-4.934,-17.277,-26.329,18.931,27.983,393.0,350.0,14.92,MILD DIP,8701,9.052,0.0,0.0,0.0,0,0,516.7,12.6,False,False,False,False,False,ヘルスケア,Biotechnology,—,0,0.0,0.0,0.0,0.0,False
MNST,Monster Beverage,NASDAQ100,74.09,80.26,-7.693,-19.826,-30.259,21.905,32.338,64.4,56.0,15.13,MILD DIP,10122,10.433,0.01,0.01,0.01,0,0,86.7,14.5,False,False,False,False,False,生活必需品,Beverages - Non-Alcoholic,—,0,0.2,0.1,0.1,0.1,False
PYPL,PayPal,NASDAQ100,44.59,44.37,0.493,-12.747,-19.213,13.113,19.578,38.7,35.8,15.17,NEUTRAL,2668,6.465,0.31,0.14,0.36,0,10,306.9,85.5,True,False,False,False,False,金融,Credit Services,半値,1,4.7,3.5,2.8,2.3,False
EA,Electronic Arts,NASDAQ100,200.61,200.32,0.144,-13.072,-20.061,14.886,21.875,174.1,160.1,15.2,NEUTRAL,9166,6.989,0.38,0.76,0.44,0,10,204.6,1.9,False,True,True,False,False,通信,Electronic Gaming & Multimedia,日足25MA上抜け／月足陽転,2,25.3,19.0,15.2,12.7,False
BIIB,Biogen,NASDAQ100,182.31,189.54,-3.815,-16.546,-25.187,18.02,26.662,158.2,141.8,15.25,MILD DIP,8663,8.642,0.0,0.0,0.0,0,10,476.0,61.7,True,False,False,False,False,ヘルスケア,Drug Manufacturers - General,半値,1,0.0,0.0,0.0,0.0,False
LULU,Lululemon,NASDAQ100,165.39,173.19,-4.504,-17.145,-26.11,18.717,27.682,143.5,128.0,15.26,MILD DIP,4666,8.965,0.0,0.0,0.0,0,10,511.3,67.7,True,False,False,False,False,一般消費財,Apparel Retail,半値,1,0.0,0.0,0.0,0.0,False
AMAT,Applied Materials,NASDAQ100,349.47,356.18,-1.883,-14.903,-22.876,16.989,24.962,303.1,274.7,15.3,MILD DIP,11571,7.973,0.49,1.71,0.56,8,0,395.0,11.5,False,False,False,False,False,テクノロジー,Semiconductor Equipment & Materials,—,0,57.0,42.8,34.2,28.5,False
FTNT,Fortinet,NASDAQ100,83.39,81.99,1.713,-12.051,-18.697,14.535,21.182,72.1,66.7,15.65,NEUTRAL,4082,6.646,0.0,0.0,0.0,0,0,114.6,27.2,False,False,False,False,False,テクノロジー,Software - Infrastructure,—,0,0.0,0.0,0.0,0.0,False
CRM,Salesforce,Dow30,194.34,192.23,1.097,-12.619,-19.42,14.587,21.389,168.0,154.9,15.7,NEUTRAL,5445,6.802,0.85,1.66,0.99,1,10,365.1,46.8,False,False,True,False,False,テクノロジー,Software - Application,月足陽転,1,55.3,41.5,33.2,27.7,False
2432.T,ディー・エヌ・エー,Nikkei225,2558.5,2620.96,-2.383,-15.74,-23.836,16.641,24.737,2208.4,1996.2,15.85,MILD DIP,5182,8.095,2.54,65.0,2.94,1,15,3953.6,35.3,False,False,False,True,False,資本財,Conglomerates,月足GC,1,2166.7,1625.0,1300.0,1083.3,False
TTD,The Trade Desk,NASDAQ100,23.55,25.96,-9.276,-21.718,-33.312,24.659,36.253,20.3,17.3,15.89,MILD DIP,2361,11.594,0.0,0.0,0.0,0,15,139.5,83.1,True,False,True,False,False,通信,Advertising Agencies,半値／月足陽転,2,0.0,0.0,0.0,0.0,False
7832.T,バンダイナムコHD,Nikkei225,4177.0,4135.96,0.992,-12.867,-19.41,13.309,19.853,3603.8,3333.2,15.91,NEUTRAL,6259,6.544,1.7,71.0,1.97,1,0,5625.6,25.8,False,False,False,False,False,一般消費財,Leisure,—,0,2366.7,1775.0,1420.0,1183.3,False
5019.T,出光興産,Nikkei225,1479.0,1433.38,3.183,-11.082,-16.857,12.014,17.789,1274.5,1191.8,16.04,NEUTRAL,4743,5.774,2.43,36.0,2.82,2,10,1536.5,3.7,False,False,False,False,False,エネルギー,Oil & Gas Refining & Marketing,—,0,1200.0,900.0,720.0,600.0,False
ON,ON Semiconductor,NASDAQ100,60.46,64.94,-6.895,-19.822,-29.958,20.72,30.856,52.1,45.5,16.12,MILD DIP,6484,10.136,0.0,0.0,0.0,0,5,108.1,44.1,False,False,False,False,False,テクノロジー,Semiconductors,—,0,0.0,0.0,0.0,0.0,False
8058.T,三菱商事,Nikkei225,5397.0,5146.32,4.871,-10.075,-15.48,11.544,16.949,4627.8,4349.7,16.62,NEUTRAL,6518,5.405,1.85,100.0,2.16,9,5,5712.0,5.5,False,False,False,False,False,資本財,Conglomerates,—,0,3333.3,2500.0,2000.0,1666.7,False
4689.T,LINEヤフー,Nikkei225,397.9,388.32,2.468,-12.144,-18.273,12.373,18.502,341.2,317.4,16.63,NEUTRAL,5523,6.129,1.76,7.0,2.05,1,10,791.8,49.7,False,False,True,False,False,一般消費財,Internet Retail,月足陽転,1,233.3,175.0,140.0,116.7,False
4063.T,信越化学,Nikkei225,6373.0,6054.68,5.257,-9.815,-14.951,10.728,15.864,5460.4,5149.4,16.71,NEUTRAL,6518,5.136,1.66,106.0,1.94,1,5,6720.0,5.2,False,False,False,False,False,素材,Chemicals,—,0,3533.3,2650.0,2120.0,1766.7,False
ROST,Ross Stores,NASDAQ100,207.22,204.27,1.442,-13.092,-20.066,14.804,21.778,177.5,163.3,16.72,NEUTRAL,10206,6.974,0.78,1.62,0.91,5,0,214.4,3.3,False,False,False,False,False,一般消費財,Apparel Retail,—,0,54.0,40.5,32.4,27.0,False
6752.T,パナソニックHD,Nikkei225,2600.5,2515.06,3.397,-11.504,-17.323,11.773,17.592,2225.7,2079.4,16.84,NEUTRAL,6518,5.819,1.85,48.0,2.16,4,5,2652.0,1.9,False,False,False,False,False,テクノロジー,Consumer Electronics,—,0,1600.0,1200.0,960.0,800.0,False
6674.T,GSユアサ,Nikkei225,5071.0,5031.36,0.788,-13.973,-21.192,14.902,22.121,4328.3,3965.1,17.16,NEUTRAL,6518,7.219,1.48,75.0,1.73,2,0,5560.0,8.8,False,False,False,False,False,一般消費財,Auto Parts,—,0,2500.0,1875.0,1500.0,1250.0,False
TTWO,Take-Two,NASDAQ100,204.22,206.23,-0.976,-15.733,-23.989,17.289,25.545,173.8,156.8,17.51,MILD DIP,7253,8.256,0.0,0.0,0.0,0,0,262.3,22.1,False,False,False,False,False,通信,Electronic Gaming & Multimedia,—,0,0.0,0.0,0.0,0.0,False
DASH,DoorDash,NASDAQ100,164.99,171.12,-3.584,-18.097,-27.281,18.641,27.825,140.2,124.4,17.72,MILD DIP,1299,9.184,0.0,0.0,0.0,0,5,281.7,41.4,False,False,False,False,False,一般消費財,Internet Retail,—,0,0.0,0.0,0.0,0.0,False
DXCM,DexCom,NASDAQ100,67.66,70.05,-3.418,-17.984,-27.454,19.898,29.368,57.5,50.8,17.76,MILD DIP,5241,9.47,0.0,0.0,0.0,0,10,162.8,58.4,True,False,False,False,False,ヘルスケア,Medical Devices,半値,1,0.0,0.0,0.0,0.0,False
9501.T,東京電力HD,Nikkei225,653.4,663.11,-1.465,-16.531,-24.784,16.478,24.73,553.5,498.8,18.05,MILD DIP,6518,8.252,0.0,0.0,0.0,0,15,4089.8,84.0,True,False,False,True,False,公益,Utilities - Renewable,半値／月足GC,2,0.0,0.0,0.0,0.0,False
9766.T,コナミG,Nikkei225,20215.0,19721.6,2.502,-13.211,-19.991,13.911,20.691,17116.2,15779.0,18.1,NEUTRAL,6518,6.78,0.82,165.5,0.97,2,0,25740.0,21.5,False,False,False,False,False,通信,Electronic Gaming & Multimedia,—,0,5516.7,4137.5,3310.0,2758.3,False
ABNB,Airbnb,NASDAQ100,131.13,129.12,1.558,-14.574,-21.846,14.515,21.787,110.3,100.9,18.88,NEUTRAL,1298,7.272,0.0,0.0,0.0,0,5,216.8,39.5,False,False,False,False,False,一般消費財,Travel Services,—,0,0.0,0.0,0.0,0.0,False
KLAC,KLA Corp,NASDAQ100,1482.36,1467.93,0.983,-15.051,-23.054,16.961,24.964,1247.0,1129.5,18.88,NEUTRAL,11428,8.003,0.45,6.7,0.54,10,0,1682.5,11.9,False,False,False,False,False,テクノロジー,Semiconductor Equipment & Materials,—,0,223.3,167.5,134.0,111.7,False
LRCX,Lam Research,NASDAQ100,224.71,227.51,-1.23,-17.029,-26.047,19.04,28.057,188.8,168.2,19.04,MILD DIP,10525,9.017,0.41,0.92,0.49,11,0,249.2,9.8,False,False,False,False,False,テクノロジー,Semiconductor Equipment & Materials,—,0,30.7,23.0,18.4,15.3,False
6770.T,アルプスアルパイン,Nikkei225,2213.0,2193.52,0.888,-15.446,-23.315,16.032,23.901,1854.7,1682.1,19.32,NEUTRAL,6518,7.869,2.71,60.0,3.24,1,15,3370.0,34.3,False,False,False,True,False,テクノロジー,Electronic Components,月足GC,1,2000.0,1500.0,1200.0,1000.0,False
8031.T,三井物産,Nikkei225,6250.0,5823.92,7.316,-10.119,-15.535,11.547,16.964,5234.6,4919.2,19.4,NEUTRAL,6518,5.417,1.6,100.0,1.91,5,5,6659.0,6.1,False,False,False,False,False,資本財,Conglomerates,—,0,3333.3,2500.0,2000.0,1666.7,False
ZS,Zscaler,NASDAQ100,155.99,159.41,-2.148,-18.106,-27.785,20.609,30.288,130.5,115.1,19.49,MILD DIP,1988,9.679,0.0,0.0,0.0,0,20,368.8,57.7,True,False,True,True,False,テクノロジー,Software - Infrastructure,半値／月足陽転／月足GC,3,0.0,0.0,0.0,0.0,False
TSLA,Tesla,NASDAQ100,392.78,405.18,-3.06,-19.183,-29.778,23.198,33.793,327.5,284.5,19.95,MILD DIP,3930,10.595,0.0,0.0,0.0,0,5,489.9,19.8,False,False,True,False,False,一般消費財,Auto Manufacturers,月足陽転,1,0.0,0.0,0.0,0.0,False
ADSK,Autodesk,NASDAQ100,248.48,241.77,2.777,-14.49,-22.168,16.222,23.9,206.7,188.2,20.19,NEUTRAL,10234,7.678,0.03,0.07,0.04,0,5,342.3,27.4,False,False,True,False,False,テクノロジー,Software - Application,月足陽転,1,2.5,1.9,1.5,1.2,False
NVDA,NVIDIA,Dow30,180.4,184.86,-2.411,-18.805,-29.076,22.281,32.552,150.1,131.1,20.19,MILD DIP,6806,10.271,0.02,0.04,0.03,2,0,207.0,12.9,False,False,False,False,False,テクノロジー,Semiconductors,—,0,1.3,1.0,0.8,0.7,False
5803.T,フジクラ,Nikkei225,25330.0,24821.4,2.049,-15.199,-23.278,17.116,25.194,21048.8,19043.5,20.34,NEUTRAL,6518,8.079,0.39,100.0,0.48,4,0,28425.0,10.9,False,False,False,False,False,資本財,Conglomerates,—,0,3333.3,2500.0,2000.0,1666.7,False
TRGP,Targa Resources,配当貴族,233.98,233.24,0.316,-16.774,-25.732,19.06,28.018,194.1,173.2,20.53,NEUTRAL,3818,8.958,2.03,4.75,2.45,4,0,244.0,4.1,False,False,False,False,False,エネルギー,Oil & Gas Midstream,—,0,158.3,118.8,95.0,79.2,False
CEG,Constellation Energy,NASDAQ100,317.22,308.17,2.937,-14.921,-23.609,19.832,28.52,262.2,235.4,20.99,NEUTRAL,1020,8.688,0.49,1.54,0.59,3,0,402.9,21.3,False,False,False,False,False,公益,Utilities - Independent Power Producers,—,0,51.3,38.5,30.8,25.7,False
SMCI,Super Micro Computer,NASDAQ100,30.35,31.49,-3.609,-20.348,-31.087,22.607,33.346,25.1,21.7,21.02,MILD DIP,4749,10.739,0.0,0.0,0.0,0,10,118.8,74.5,True,False,False,False,False,テクノロジー,Computer Hardware,半値,1,0.0,0.0,0.0,0.0,False
5631.T,日本製鋼所,Nikkei225,9901.0,9680.68,2.276,-15.513,-23.638,16.988,25.114,8178.9,7392.3,21.06,NEUTRAL,6518,8.125,0.87,86.0,1.05,2,0,10395.0,4.8,False,False,False,False,False,資本財,Specialty Industrial Machinery,—,0,2866.7,2150.0,1720.0,1433.3,False
PANW,Palo Alto Networks,NASDAQ100,168.91,158.76,6.397,-12.264,-18.936,14.423,21.095,139.3,128.7,21.27,NEUTRAL,3410,6.672,0.0,0.0,0.0,0,5,221.4,23.7,False,False,True,False,False,テクノロジー,Software - Infrastructure,月足陽転,1,0.0,0.0,0.0,0.0,False
4385.T,メルカリ,Nikkei225,3496.0,3497.08,-0.031,-17.657,-26.497,17.703,26.543,2879.6,2570.4,21.41,MILD DIP,1873,8.84,0.0,0.0,0.0,0,15,7320.0,52.2,True,False,False,True,False,一般消費財,Internet Retail,半値／月足GC,2,0.0,0.0,0.0,0.0,False
AMZN,Amazon,Dow30,209.87,209.05,0.391,-17.446,-26.924,20.468,29.947,172.6,152.8,21.61,NEUTRAL,7231,9.479,0.0,0.0,0.0,0,0,254.0,17.4,False,False,False,False,False,一般消費財,Internet Retail,—,0,0.0,0.0,0.0,0.0,False
REGN,Regeneron,NASDAQ100,744.12,774.17,-3.882,-21.464,-32.602,23.087,34.225,608.0,521.8,22.39,MILD DIP,8780,11.138,0.47,3.5,0.58,0,5,1193.7,37.7,False,False,False,False,False,ヘルスケア,Biotechnology,—,0,116.7,87.5,70.0,58.3,False
INTU,Intuit,NASDAQ100,446.79,418.91,6.654,-13.451,-20.624,15.241,22.414,362.6,332.5,23.23,NEUTRAL,8287,7.173,0.9,4.03,1.11,14,10,804.4,44.5,False,False,True,False,False,テクノロジー,Software - Application,月足陽転,1,134.3,100.8,80.6,67.2,False
7974.T,任天堂,Nikkei225,9734.0,9012.24,8.009,-12.513,-19.018,13.506,20.011,7884.5,7298.3,23.46,NEUTRAL,6256,6.505,1.23,120.0,1.52,0,15,14607.7,33.4,False,False,True,True,False,通信,Electronic Gaming & Multimedia,月足陽転／月足GC,2,4000.0,3000.0,2400.0,2000.0,False
ILMN,Illumina,NASDAQ100,122.95,122.36,0.481,-18.988,-28.763,20.109,29.883,99.1,87.2,24.03,NEUTRAL,6423,9.774,0.0,0.0,0.0,0,15,510.5,75.9,True,True,False,False,False,ヘルスケア,Diagnostics & Research,半値／日足25MA上抜け,2,0.0,0.0,0.0,0.0,False
2175.T,SMS,Nikkei225,1728.0,1710.32,1.034,-18.757,-28.705,21.034,30.982,1389.5,1219.4,24.36,NEUTRAL,4402,9.948,0.0,0.0,0.0,9,10,4544.2,62.0,True,False,False,False,False,ヘルスケア,Health Information Services,半値,1,0.0,0.0,0.0,0.0,False
AMD,AMD,NASDAQ100,199.46,201.46,-0.993,-20.56,-31.204,22.013,32.656,160.0,138.6,24.63,MILD DIP,11571,10.643,0.0,0.0,0.0,0,0,264.3,24.5,False,False,False,False,False,テクノロジー,Semiconductors,—,0,0.0,0.0,0.0,0.0,False
PDD,PDD Holdings,NASDAQ100,100.72,103.06,-2.268,-21.655,-33.163,24.377,35.885,80.7,68.9,24.74,MILD DIP,1897,11.508,0.0,0.0,0.0,0,10,202.8,50.3,True,False,False,False,False,一般消費財,Internet Retail,半値,1,0.0,0.0,0.0,0.0,False
6920.T,レーザーテック,Nikkei225,35090.0,33448.8,4.907,-16.368,-25.5,20.164,29.297,27974.0,24919.2,25.44,NEUTRAL,3928,9.133,0.94,329.0,1.18,7,0,44228.2,20.7,False,False,False,False,False,テクノロジー,Semiconductor Equipment & Materials,—,0,10966.7,8225.0,6580.0,5483.3,False
4751.T,サイバーエージェント,Nikkei225,1402.0,1341.84,4.483,-17.643,-26.99,19.743,29.09,1105.1,979.7,26.87,NEUTRAL,6256,9.347,1.21,17.0,1.54,7,5,2279.0,38.5,False,False,False,False,False,通信,Advertising Agencies,—,0,566.7,425.0,340.0,283.3,False
FANG,Diamondback Energy,NASDAQ100,189.68,175.52,8.069,-15.266,-23.459,17.506,25.7,148.7,134.3,27.54,NEUTRAL,3351,8.193,2.11,4.01,2.7,0,0,200.5,5.4,False,False,False,False,False,エネルギー,Oil & Gas E&P,—,0,133.7,100.2,80.2,66.8,False
9101.T,日本郵船,Nikkei225,6140.0,5471.64,12.215,-12.314,-18.74,13.392,19.818,4797.9,4446.2,27.97,NEUTRAL,5255,6.426,5.29,325.0,6.77,1,20,6182.0,0.7,False,False,False,False,True,資本財,Marine Shipping,高配当,1,10833.3,8125.0,6500.0,5416.7,False
9107.T,川崎汽船,Nikkei225,2781.0,2541.04,9.443,-15.024,-22.913,16.533,24.422,2159.3,1958.8,28.79,NEUTRAL,6518,7.889,3.6,100.0,4.63,1,12,2875.0,3.3,False,False,False,False,False,資本財,Marine Shipping,—,0,3333.3,2500.0,2000.0,1666.7,False
MRVL,Marvell Tech,NASDAQ100,87.62,83.08,5.461,-18.124,-27.476,19.286,28.639,68.0,60.3,28.81,NEUTRAL,6442,9.353,0.27,0.24,0.35,0,10,125.6,30.3,False,False,False,True,False,テクノロジー,Semiconductors,月足GC,1,8.0,6.0,4.8,4.0,False
BKNG,Booking Holdings,NASDAQ100,4381.39,4240.31,3.327,-20.248,-30.687,21.511,31.95,3381.8,2939.1,29.56,NEUTRAL,6759,10.44,0.88,38.4,1.14,1,5,5781.6,24.2,False,False,True,False,False,一般消費財,Travel Services,月足陽転,1,1280.0,960.0,768.0,640.0,False
CRWD,CrowdStrike,NASDAQ100,435.81,409.7,6.373,-17.9,-27.609,20.939,30.649,336.4,296.6,29.56,NEUTRAL,1677,9.71,0.0,0.0,0.0,0,5,557.5,21.8,False,False,True,False,False,テクノロジー,Software - Infrastructure,月足陽転,1,0.0,0.0,0.0,0.0,False
2121.T,MIXI,Nikkei225,2616.0,2635.12,-0.726,-23.407,-35.312,24.211,36.116,2018.3,1704.6,29.61,MILD DIP,4771,11.905,0.99,26.0,1.29,1,5,5027.2,48.0,False,False,False,False,False,通信,Electronic Gaming & Multimedia,—,0,866.7,650.0,520.0,433.3,False
NFLX,Netflix,NASDAQ100,94.7,88.65,6.824,-17.722,-27.383,20.92,30.581,72.9,64.4,29.83,NEUTRAL,5969,9.661,0.0,0.0,0.0,0,0,133.9,29.3,False,False,False,False,False,通信,Entertainment,—,0,0.0,0.0,0.0,0.0,False
3436.T,SUMCO,Nikkei225,1682.5,1645.8,2.23,-21.299,-32.175,22.204,33.08,1295.3,1116.3,29.9,NEUTRAL,5575,10.876,1.19,20.0,1.54,0,10,5035.2,66.6,True,False,False,False,False,テクノロジー,Semiconductor Equipment & Materials,半値,1,666.7,500.0,400.0,333.3,False
DOW,Dow Inc,Dow30,37.69,32.8,14.9,-12.753,-19.137,12.783,19.167,28.6,26.5,31.7,OVERBOUGHT,1735,6.384,6.5,2.45,8.56,0,25,56.2,33.0,False,False,False,False,True,素材,Chemicals,高配当,1,81.7,61.2,49.0,40.8,False
5801.T,古河電気工業,Nikkei225,29400.0,26624.4,10.425,-17.078,-25.798,17.804,26.525,22077.6,19755.8,33.17,NEUTRAL,6518,8.72,0.41,120.0,0.54,1,0,30690.0,4.2,False,False,False,False,False,資本財,Electrical Equipment & Parts,—,0,4000.0,3000.0,2400.0,2000.0,False
DDOG,Datadog,NASDAQ100,131.26,120.48,8.952,-18.307,-28.053,20.678,30.424,98.4,86.7,33.37,NEUTRAL,1608,9.746,0.0,0.0,0.0,0,15,199.7,34.3,False,False,True,True,False,テクノロジー,Software - Application,月足陽転／月足GC,2,0.0,0.0,0.0,0.0,False
1605.T,INPEX,Nikkei225,4700.0,3994.28,17.668,-11.859,-18.061,12.945,19.147,3520.6,3272.9,33.5,OVERBOUGHT,6518,6.201,2.13,100.0,2.84,5,5,4700.0,0.0,False,False,False,False,False,エネルギー,Oil & Gas E&P,—,0,3333.3,2500.0,2000.0,1666.7,False
ARM,Arm Holdings,NASDAQ100,128.36,123.66,3.801,-22.847,-35.267,26.831,39.25,95.4,80.0,34.54,NEUTRAL,605,12.42,0.0,0.0,0.0,0,5,186.5,31.2,False,False,False,False,False,テクノロジー,Semiconductors,—,0,0.0,0.0,0.0,0.0,False
APP,AppLovin,NASDAQ100,442.57,439.41,0.719,-26.079,-40.382,31.13,45.432,324.8,262.0,36.25,NEUTRAL,1213,14.302,0.0,0.0,0.0,0,10,733.6,39.7,False,False,True,False,False,通信,Advertising Agencies,月足陽転,1,0.0,0.0,0.0,0.0,False
9104.T,商船三井,Nikkei225,6976.0,5839.28,19.467,-13.18,-20.107,14.527,21.454,5069.6,4665.2,37.6,OVERBOUGHT,6518,6.927,5.16,360.0,7.1,0,20,7014.0,0.5,False,False,False,False,True,資本財,Marine Shipping,高配当,1,12000.0,9000.0,7200.0,6000.0,False
MU,Micron,NASDAQ100,461.73,414.66,11.352,-20.153,-30.667,21.902,32.416,331.1,287.5,39.46,NEUTRAL,10506,10.514,0.1,0.46,0.14,0,0,461.7,0.0,False,False,False,False,False,テクノロジー,Semiconductors,—,0,15.3,11.5,9.2,7.7,False
PLTR,Palantir,NASDAQ100,152.77,143.24,6.65,-24.116,-37.578,29.733,43.195,108.7,89.4,40.54,NEUTRAL,1348,13.462,0.0,0.0,0.0,0,5,207.2,26.3,False,False,True,False,False,テクノロジー,Software - Infrastructure,月足陽転,1,0.0,0.0,0.0,0.0,False
COIN,Coinbase,NASDAQ100,202.29,182.72,10.708,-31.294,-47.047,31.717,47.47,125.5,96.8,61.13,NEUTRAL,1214,15.753,0.0,0.0,0.0,0,20,419.8,51.8,True,False,True,True,False,金融,Financial Data & Stock Exchanges,半値／月足陽転／月足GC,3,0.0,0.0,0.0,0.0,False
9201.T,日本航空,Nikkei225,2608.5,2896.76,-9.951,-72.456,-108.822,73.007,109.373,797.9,-255.6,226.93,MILD DIP,6518,36.366,3.3,86.0,10.78,2,17,3930.9,33.6,False,False,False,False,False,資本財,Airlines,—,0,2866.7,2150.0,1720.0,1433.3,False
